timestamp,trace_bandwidth,gcc_bandwidth,scaled_bandwidth,mu
249.498,6e+06,6e+06,3e+06,0.5
249.533,6e+06,6e+06,3e+06,0.5
249.568,6e+06,6e+06,3e+06,0.5
249.593,6e+06,6e+06,3e+06,0.5
249.633,6e+06,6e+06,3e+06,0.5
249.668,6e+06,6e+06,3e+06,0.5
249.693,6e+06,6e+06,3e+06,0.5
249.733,6e+06,6e+06,3e+06,0.5
249.768,6e+06,6e+06,3e+06,0.5
249.803,6e+06,6e+06,3e+06,0.5
249.833,6e+06,6e+06,3e+06,0.5
249.858,6e+06,6e+06,3e+06,0.5
249.903,6e+06,6e+06,3e+06,0.5
249.933,6e+06,6e+06,3e+06,0.5
249.958,6e+06,6e+06,3e+06,0.5
250.003,6e+06,6e+06,3e+06,0.5
250.033,6e+06,6e+06,3e+06,0.5
250.058,6e+06,6e+06,3e+06,0.5
250.083,6e+06,6e+06,3e+06,0.5
250.108,6e+06,6e+06,3e+06,0.5
250.133,6e+06,6e+06,3e+06,0.5
250.168,6e+06,6e+06,3e+06,0.5
250.198,6e+06,6e+06,3e+06,0.5
250.233,6e+06,6e+06,3e+06,0.5
250.268,6e+06,6e+06,3e+06,0.5
250.298,6e+06,6e+06,3e+06,0.5
250.328,6e+06,6e+06,3e+06,0.5
250.368,6e+06,6e+06,3e+06,0.5
250.398,6e+06,6e+06,3e+06,0.5
250.428,6e+06,6e+06,3e+06,0.5
250.458,6e+06,6e+06,3e+06,0.5
250.498,6e+06,6e+06,3e+06,0.5
250.528,6e+06,6e+06,3e+06,0.5
250.568,6e+06,6e+06,3e+06,0.5
250.598,6e+06,6e+06,3e+06,0.5
250.633,6e+06,6e+06,3e+06,0.5
250.668,6e+06,6e+06,3e+06,0.5
250.698,6e+06,6e+06,3e+06,0.5
250.733,6e+06,6e+06,3e+06,0.5
250.768,6e+06,6e+06,3e+06,0.5
250.798,6e+06,6e+06,3e+06,0.5
250.833,6e+06,6e+06,3e+06,0.5
250.868,6e+06,6e+06,3e+06,0.5
250.898,6e+06,6e+06,3e+06,0.5
250.933,6e+06,6e+06,3e+06,0.5
250.968,6e+06,6e+06,3e+06,0.5
250.998,6e+06,6e+06,3e+06,0.5
251.033,6e+06,6e+06,3e+06,0.5
251.068,6e+06,6e+06,3e+06,0.5
251.098,6e+06,6e+06,3e+06,0.5
251.133,6e+06,6e+06,3e+06,0.5
251.168,6e+06,6e+06,3e+06,0.5
251.198,6e+06,6e+06,3e+06,0.5
251.223,6e+06,6e+06,3e+06,0.5
251.248,6e+06,6e+06,3e+06,0.5
251.273,6e+06,6e+06,3e+06,0.5
251.298,6e+06,6e+06,3e+06,0.5
251.333,6e+06,6e+06,3e+06,0.5
251.368,6e+06,6e+06,3e+06,0.5
251.398,6e+06,6e+06,3e+06,0.5
251.433,6e+06,6e+06,3e+06,0.5
251.458,6e+06,6e+06,3e+06,0.5
251.498,6e+06,6e+06,3e+06,0.5
251.533,6e+06,6e+06,3e+06,0.5
251.568,6e+06,6e+06,3e+06,0.5
251.598,6e+06,6e+06,3e+06,0.5
251.633,6e+06,6e+06,3e+06,0.5
251.668,6e+06,6e+06,3e+06,0.5
251.698,6e+06,6e+06,3e+06,0.5
251.733,6e+06,6e+06,3e+06,0.5
251.768,6e+06,6e+06,3e+06,0.5
251.798,6e+06,6e+06,3e+06,0.5
251.833,6e+06,6e+06,3e+06,0.5
251.858,6e+06,6e+06,3e+06,0.5
251.883,6e+06,6e+06,3e+06,0.5
251.908,6e+06,6e+06,3e+06,0.5
251.933,6e+06,6e+06,3e+06,0.5
251.968,6e+06,6e+06,3e+06,0.5
251.998,6e+06,6e+06,3e+06,0.5
252.033,6e+06,6e+06,3e+06,0.5
252.068,6e+06,6e+06,3e+06,0.5
252.098,6e+06,6e+06,3e+06,0.5
252.133,6e+06,6e+06,3e+06,0.5
252.168,6e+06,6e+06,3e+06,0.5
252.198,6e+06,6e+06,3e+06,0.5
252.223,6e+06,6e+06,3e+06,0.5
252.268,6e+06,6e+06,3e+06,0.5
252.298,6e+06,6e+06,3e+06,0.5
252.333,6e+06,6e+06,3e+06,0.5
252.368,6e+06,6e+06,3e+06,0.5
252.398,6e+06,6e+06,3e+06,0.5
252.433,6e+06,6e+06,3e+06,0.5
252.468,6e+06,6e+06,3e+06,0.5
252.498,6e+06,6e+06,3e+06,0.5
252.533,6e+06,6e+06,3e+06,0.5
252.568,6e+06,6e+06,3e+06,0.5
252.593,6e+06,6e+06,3e+06,0.5
252.633,6e+06,6e+06,3e+06,0.5
252.668,6e+06,6e+06,3e+06,0.5
252.698,6e+06,6e+06,3e+06,0.5
252.733,6e+06,6e+06,3e+06,0.5
252.768,6e+06,6e+06,3e+06,0.5
252.798,6e+06,6e+06,3e+06,0.5
252.833,6e+06,6e+06,3e+06,0.5
252.868,6e+06,6e+06,3e+06,0.5
252.898,6e+06,6e+06,3e+06,0.5
252.933,6e+06,6e+06,3e+06,0.5
252.968,6e+06,6e+06,3e+06,0.5
252.998,6e+06,6e+06,3e+06,0.5
253.033,6e+06,6e+06,3e+06,0.5
253.068,6e+06,6e+06,3e+06,0.5
253.098,6e+06,6e+06,3e+06,0.5
253.133,6e+06,6e+06,3e+06,0.5
253.168,6e+06,6e+06,3e+06,0.5
253.193,6e+06,6e+06,3e+06,0.5
253.228,6e+06,6e+06,3e+06,0.5
253.268,6e+06,6e+06,3e+06,0.5
253.293,6e+06,6e+06,3e+06,0.5
253.333,6e+06,6e+06,3e+06,0.5
253.368,6e+06,6e+06,3e+06,0.5
253.398,6e+06,6e+06,3e+06,0.5
253.433,6e+06,6e+06,3e+06,0.5
253.463,6e+06,6e+06,3e+06,0.5
253.498,6e+06,6e+06,3e+06,0.5
253.533,6e+06,6e+06,3e+06,0.5
253.568,6e+06,6e+06,3e+06,0.5
253.593,6e+06,6e+06,3e+06,0.5
253.633,6e+06,6e+06,3e+06,0.5
253.658,6e+06,6e+06,3e+06,0.5
253.683,6e+06,6e+06,3e+06,0.5
253.708,6e+06,6e+06,3e+06,0.5
253.733,6e+06,6e+06,3e+06,0.5
253.768,6e+06,6e+06,3e+06,0.5
253.798,6e+06,6e+06,3e+06,0.5
253.828,6e+06,6e+06,3e+06,0.5
253.868,6e+06,6e+06,3e+06,0.5
253.898,6e+06,6e+06,3e+06,0.5
253.933,6e+06,6e+06,3e+06,0.5
253.968,6e+06,6e+06,3e+06,0.5
253.998,6e+06,6e+06,3e+06,0.5
254.033,6e+06,6e+06,3e+06,0.5
254.068,6e+06,6e+06,3e+06,0.5
254.098,6e+06,6e+06,3e+06,0.5
254.133,6e+06,6e+06,3e+06,0.5
254.168,6e+06,6e+06,3e+06,0.5
254.198,6e+06,6e+06,3e+06,0.5
254.228,6e+06,6e+06,3e+06,0.5
254.268,6e+06,6e+06,3e+06,0.5
254.293,6e+06,6e+06,3e+06,0.5
254.333,6e+06,6e+06,3e+06,0.5
254.363,6e+06,6e+06,3e+06,0.5
254.398,6e+06,6e+06,3e+06,0.5
254.428,6e+06,6e+06,3e+06,0.5
254.453,6e+06,6e+06,3e+06,0.5
254.478,6e+06,6e+06,3e+06,0.5
254.503,6e+06,6e+06,3e+06,0.5
254.533,6e+06,6e+06,3e+06,0.5
254.568,6e+06,6e+06,3e+06,0.5
254.598,6e+06,6e+06,3e+06,0.5
254.633,6e+06,6e+06,3e+06,0.5
254.668,6e+06,6e+06,3e+06,0.5
254.698,6e+06,6e+06,3e+06,0.5
254.723,6e+06,6e+06,3e+06,0.5
254.763,6e+06,6e+06,3e+06,0.5
254.798,6e+06,6e+06,3e+06,0.5
254.833,6e+06,6e+06,3e+06,0.5
254.868,6e+06,6e+06,3e+06,0.5
254.898,6e+06,6e+06,3e+06,0.5
254.933,6e+06,6e+06,3e+06,0.5
254.968,6e+06,6e+06,3e+06,0.5
254.998,6e+06,6e+06,3e+06,0.5
255.028,6e+06,6e+06,3e+06,0.5
255.068,6e+06,6e+06,3e+06,0.5
255.098,6e+06,6e+06,3e+06,0.5
255.133,6e+06,6e+06,3e+06,0.5
255.168,6e+06,6e+06,3e+06,0.5
255.198,6e+06,6e+06,3e+06,0.5
255.228,6e+06,6e+06,3e+06,0.5
255.268,6e+06,6e+06,3e+06,0.5
255.298,6e+06,6e+06,3e+06,0.5
255.333,6e+06,6e+06,3e+06,0.5
255.358,6e+06,6e+06,3e+06,0.5
255.383,6e+06,6e+06,3e+06,0.5
255.408,6e+06,6e+06,3e+06,0.5
255.433,6e+06,6e+06,3e+06,0.5
255.468,6e+06,6e+06,3e+06,0.5
255.498,6e+06,6e+06,3e+06,0.5
255.533,6e+06,6e+06,3e+06,0.5
255.568,6e+06,6e+06,3e+06,0.5
255.598,6e+06,6e+06,3e+06,0.5
255.633,6e+06,6e+06,3e+06,0.5
255.668,6e+06,6e+06,3e+06,0.5
255.698,6e+06,6e+06,3e+06,0.5
255.733,6e+06,6e+06,3e+06,0.5
255.768,6e+06,6e+06,3e+06,0.5
255.798,6e+06,6e+06,3e+06,0.5
255.833,6e+06,6e+06,3e+06,0.5
255.863,6e+06,6e+06,3e+06,0.5
255.898,6e+06,6e+06,3e+06,0.5
255.933,6e+06,6e+06,3e+06,0.5
255.968,6e+06,6e+06,3e+06,0.5
255.998,6e+06,6e+06,3e+06,0.5
256.033,6e+06,6e+06,3e+06,0.5
256.068,6e+06,6e+06,3e+06,0.5
256.098,6e+06,6e+06,3e+06,0.5
256.133,6e+06,6e+06,3e+06,0.5
256.158,6e+06,6e+06,3e+06,0.5
256.198,6e+06,6e+06,3e+06,0.5
256.223,6e+06,6e+06,3e+06,0.5
256.268,6e+06,6e+06,3e+06,0.5
256.298,6e+06,6e+06,3e+06,0.5
256.333,6e+06,6e+06,3e+06,0.5
256.368,6e+06,6e+06,3e+06,0.5
256.398,6e+06,6e+06,3e+06,0.5
256.428,6e+06,6e+06,3e+06,0.5
256.468,6e+06,6e+06,3e+06,0.5
256.498,6e+06,6e+06,3e+06,0.5
256.533,6e+06,6e+06,3e+06,0.5
256.568,6e+06,6e+06,3e+06,0.5
256.598,6e+06,6e+06,3e+06,0.5
256.633,6e+06,6e+06,3e+06,0.5
256.668,6e+06,6e+06,3e+06,0.5
256.698,6e+06,6e+06,3e+06,0.5
256.733,6e+06,6e+06,3e+06,0.5
256.768,6e+06,6e+06,3e+06,0.5
256.798,6e+06,6e+06,3e+06,0.5
256.833,6e+06,6e+06,3e+06,0.5
256.868,6e+06,6e+06,3e+06,0.5
256.898,6e+06,6e+06,3e+06,0.5
256.933,6e+06,6e+06,3e+06,0.5
256.963,6e+06,6e+06,3e+06,0.5
256.998,6e+06,6e+06,3e+06,0.5
257.033,6e+06,6e+06,3e+06,0.5
257.058,6e+06,6e+06,3e+06,0.5
257.083,6e+06,6e+06,3e+06,0.5
257.108,6e+06,6e+06,3e+06,0.5
257.133,6e+06,6e+06,3e+06,0.5
257.158,6e+06,6e+06,3e+06,0.5
257.198,6e+06,6e+06,3e+06,0.5
257.228,6e+06,6e+06,3e+06,0.5
257.268,6e+06,6e+06,3e+06,0.5
257.298,6e+06,6e+06,3e+06,0.5
257.328,6e+06,6e+06,3e+06,0.5
257.368,6e+06,6e+06,3e+06,0.5
257.398,6e+06,6e+06,3e+06,0.5
257.433,6e+06,6e+06,3e+06,0.5
257.468,6e+06,6e+06,3e+06,0.5
257.498,6e+06,6e+06,3e+06,0.5
257.533,6e+06,6e+06,3e+06,0.5
257.568,6e+06,6e+06,3e+06,0.5
257.598,6e+06,6e+06,3e+06,0.5
257.633,6e+06,6e+06,3e+06,0.5
257.668,6e+06,6e+06,3e+06,0.5
257.698,6e+06,6e+06,3e+06,0.5
257.733,6e+06,6e+06,3e+06,0.5
257.768,6e+06,6e+06,3e+06,0.5
257.798,6e+06,6e+06,3e+06,0.5
257.833,6e+06,6e+06,3e+06,0.5
257.868,6e+06,6e+06,3e+06,0.5
257.898,6e+06,6e+06,3e+06,0.5
257.933,6e+06,6e+06,3e+06,0.5
257.968,6e+06,6e+06,3e+06,0.5
257.998,6e+06,6e+06,3e+06,0.5
258.033,6e+06,6e+06,3e+06,0.5
258.068,6e+06,6e+06,3e+06,0.5
258.098,6e+06,6e+06,3e+06,0.5
258.133,6e+06,6e+06,3e+06,0.5
258.168,6e+06,6e+06,3e+06,0.5
258.198,6e+06,6e+06,3e+06,0.5
258.228,6e+06,6e+06,3e+06,0.5
258.268,6e+06,6e+06,3e+06,0.5
258.298,6e+06,6e+06,3e+06,0.5
258.333,6e+06,6e+06,3e+06,0.5
258.368,6e+06,6e+06,3e+06,0.5
258.398,6e+06,6e+06,3e+06,0.5
258.433,6e+06,6e+06,3e+06,0.5
258.468,6e+06,6e+06,3e+06,0.5
258.498,6e+06,6e+06,3e+06,0.5
258.533,6e+06,6e+06,3e+06,0.5
258.568,6e+06,6e+06,3e+06,0.5
258.598,6e+06,6e+06,3e+06,0.5
258.633,6e+06,6e+06,3e+06,0.5
258.668,6e+06,6e+06,3e+06,0.5
258.698,6e+06,6e+06,3e+06,0.5
258.733,6e+06,6e+06,3e+06,0.5
258.768,6e+06,6e+06,3e+06,0.5
258.793,6e+06,6e+06,3e+06,0.5
258.818,6e+06,6e+06,3e+06,0.5
258.843,6e+06,6e+06,3e+06,0.5
258.868,6e+06,6e+06,3e+06,0.5
258.898,6e+06,6e+06,3e+06,0.5
258.933,6e+06,6e+06,3e+06,0.5
258.968,6e+06,6e+06,3e+06,0.5
258.998,6e+06,6e+06,3e+06,0.5
259.033,6e+06,6e+06,3e+06,0.5
259.068,6e+06,6e+06,3e+06,0.5
259.098,6e+06,6e+06,3e+06,0.5
259.128,6e+06,6e+06,3e+06,0.5
259.158,6e+06,6e+06,3e+06,0.5
259.198,6e+06,6e+06,3e+06,0.5
259.233,6e+06,6e+06,3e+06,0.5
259.258,6e+06,6e+06,3e+06,0.5
259.298,6e+06,6e+06,3e+06,0.5
259.333,6e+06,6e+06,3e+06,0.5
259.368,6e+06,6e+06,3e+06,0.5
259.398,6e+06,6e+06,3e+06,0.5
259.433,6e+06,6e+06,3e+06,0.5
259.468,6e+06,6e+06,3e+06,0.5
259.498,6e+06,6e+06,3e+06,0.5
259.533,6e+06,6e+06,3e+06,0.5
259.568,6e+06,6e+06,3e+06,0.5
259.593,6e+06,6e+06,3e+06,0.5
259.618,6e+06,6e+06,3e+06,0.5
259.643,6e+06,6e+06,3e+06,0.5
259.668,6e+06,6e+06,3e+06,0.5
259.698,6e+06,6e+06,3e+06,0.5
259.733,6e+06,6e+06,3e+06,0.5
259.768,6e+06,6e+06,3e+06,0.5
259.798,6e+06,6e+06,3e+06,0.5
259.833,6e+06,6e+06,3e+06,0.5
259.868,6e+06,6e+06,3e+06,0.5
259.898,6e+06,6e+06,3e+06,0.5
259.928,6e+06,6e+06,3e+06,0.5
259.968,6e+06,6e+06,3e+06,0.5
259.998,6e+06,6e+06,3e+06,0.5
260.033,6e+06,6e+06,3e+06,0.5
260.068,6e+06,6e+06,3e+06,0.5
260.098,6e+06,6e+06,3e+06,0.5
260.133,6e+06,6e+06,3e+06,0.5
260.158,6e+06,6e+06,3e+06,0.5
260.198,6e+06,6e+06,3e+06,0.5
260.223,6e+06,6e+06,3e+06,0.5
260.248,6e+06,6e+06,3e+06,0.5
260.273,6e+06,6e+06,3e+06,0.5
260.298,6e+06,6e+06,3e+06,0.5
260.333,6e+06,6e+06,3e+06,0.5
260.368,6e+06,6e+06,3e+06,0.5
260.393,6e+06,6e+06,3e+06,0.5
260.433,6e+06,6e+06,3e+06,0.5
260.468,6e+06,6e+06,3e+06,0.5
260.493,6e+06,6e+06,3e+06,0.5
260.533,6e+06,6e+06,3e+06,0.5
260.568,6e+06,6e+06,3e+06,0.5
260.598,6e+06,6e+06,3e+06,0.5
260.633,6e+06,6e+06,3e+06,0.5
260.668,6e+06,6e+06,3e+06,0.5
260.693,6e+06,6e+06,3e+06,0.5
260.733,6e+06,6e+06,3e+06,0.5
260.768,6e+06,6e+06,3e+06,0.5
260.798,6e+06,6e+06,3e+06,0.5
260.833,6e+06,6e+06,3e+06,0.5
260.868,6e+06,6e+06,3e+06,0.5
260.898,6e+06,6e+06,3e+06,0.5
260.923,6e+06,6e+06,3e+06,0.5
260.968,6e+06,6e+06,3e+06,0.5
260.998,6e+06,6e+06,3e+06,0.5
261.033,6e+06,6e+06,3e+06,0.5
261.058,6e+06,6e+06,3e+06,0.5
261.098,6e+06,6e+06,3e+06,0.5
261.133,6e+06,6e+06,3e+06,0.5
261.168,6e+06,6e+06,3e+06,0.5
261.198,6e+06,6e+06,3e+06,0.5
261.233,6e+06,6e+06,3e+06,0.5
261.268,6e+06,6e+06,3e+06,0.5
261.298,6e+06,6e+06,3e+06,0.5
261.328,6e+06,6e+06,3e+06,0.5
261.368,6e+06,6e+06,3e+06,0.5
261.393,6e+06,6e+06,3e+06,0.5
261.433,6e+06,6e+06,3e+06,0.5
261.463,6e+06,6e+06,3e+06,0.5
261.493,6e+06,6e+06,3e+06,0.5
261.533,6e+06,6e+06,3e+06,0.5
261.568,6e+06,6e+06,3e+06,0.5
261.598,6e+06,6e+06,3e+06,0.5
261.633,6e+06,6e+06,3e+06,0.5
261.668,6e+06,6e+06,3e+06,0.5
261.698,6e+06,6e+06,3e+06,0.5
261.733,6e+06,6e+06,3e+06,0.5
261.768,6e+06,6e+06,3e+06,0.5
261.798,6e+06,6e+06,3e+06,0.5
261.833,6e+06,6e+06,3e+06,0.5
261.868,6e+06,6e+06,3e+06,0.5
261.898,6e+06,6e+06,3e+06,0.5
261.933,6e+06,6e+06,3e+06,0.5
261.968,6e+06,6e+06,3e+06,0.5
261.998,6e+06,6e+06,3e+06,0.5
262.033,6e+06,6e+06,3e+06,0.5
262.068,6e+06,6e+06,3e+06,0.5
262.098,6e+06,6e+06,3e+06,0.5
262.133,6e+06,6e+06,3e+06,0.5
262.168,6e+06,6e+06,3e+06,0.5
262.198,6e+06,6e+06,3e+06,0.5
262.223,6e+06,6e+06,3e+06,0.5
262.248,6e+06,6e+06,3e+06,0.5
262.273,6e+06,6e+06,3e+06,0.5
262.298,6e+06,6e+06,3e+06,0.5
262.333,6e+06,6e+06,3e+06,0.5
262.368,6e+06,6e+06,3e+06,0.5
262.398,6e+06,6e+06,3e+06,0.5
262.433,6e+06,6e+06,3e+06,0.5
262.468,6e+06,6e+06,3e+06,0.5
262.493,6e+06,6e+06,3e+06,0.5
262.533,6e+06,6e+06,3e+06,0.5
262.568,6e+06,6e+06,3e+06,0.5
262.593,6e+06,6e+06,3e+06,0.5
262.618,6e+06,6e+06,3e+06,0.5
262.643,6e+06,6e+06,3e+06,0.5
262.668,6e+06,6e+06,3e+06,0.5
262.698,6e+06,6e+06,3e+06,0.5
262.733,6e+06,6e+06,3e+06,0.5
262.758,6e+06,6e+06,3e+06,0.5
262.798,6e+06,6e+06,3e+06,0.5
262.828,6e+06,6e+06,3e+06,0.5
262.868,6e+06,6e+06,3e+06,0.5
262.898,6e+06,6e+06,3e+06,0.5
262.928,6e+06,6e+06,3e+06,0.5
262.968,6e+06,6e+06,3e+06,0.5
262.998,6e+06,6e+06,3e+06,0.5
263.033,6e+06,6e+06,3e+06,0.5
263.068,6e+06,6e+06,3e+06,0.5
263.098,6e+06,6e+06,3e+06,0.5
263.123,6e+06,6e+06,3e+06,0.5
263.168,6e+06,6e+06,3e+06,0.5
263.198,6e+06,6e+06,3e+06,0.5
263.223,6e+06,6e+06,3e+06,0.5
263.248,6e+06,6e+06,3e+06,0.5
263.273,6e+06,6e+06,3e+06,0.5
263.298,6e+06,6e+06,3e+06,0.5
263.333,6e+06,6e+06,3e+06,0.5
263.358,6e+06,6e+06,3e+06,0.5
263.398,6e+06,6e+06,3e+06,0.5
263.433,6e+06,6e+06,3e+06,0.5
263.468,6e+06,6e+06,3e+06,0.5
263.498,6e+06,6e+06,3e+06,0.5
263.533,6e+06,6e+06,3e+06,0.5
263.568,6e+06,6e+06,3e+06,0.5
263.593,6e+06,6e+06,3e+06,0.5
263.633,6e+06,6e+06,3e+06,0.5
263.668,6e+06,6e+06,3e+06,0.5
263.698,6e+06,6e+06,3e+06,0.5
263.733,6e+06,6e+06,3e+06,0.5
263.768,6e+06,6e+06,3e+06,0.5
263.798,6e+06,6e+06,3e+06,0.5
263.833,6e+06,6e+06,3e+06,0.5
263.868,6e+06,6e+06,3e+06,0.5
263.898,6e+06,6e+06,3e+06,0.5
263.933,6e+06,6e+06,3e+06,0.5
263.968,6e+06,6e+06,3e+06,0.5
263.993,6e+06,6e+06,3e+06,0.5
264.018,6e+06,6e+06,3e+06,0.5
264.043,6e+06,6e+06,3e+06,0.5
264.068,6e+06,6e+06,3e+06,0.5
264.098,6e+06,6e+06,3e+06,0.5
264.133,6e+06,6e+06,3e+06,0.5
264.168,6e+06,6e+06,3e+06,0.5
264.198,6e+06,6e+06,3e+06,0.5
264.233,6e+06,6e+06,3e+06,0.5
264.268,6e+06,6e+06,3e+06,0.5
264.298,6e+06,6e+06,3e+06,0.5
264.333,6e+06,6e+06,3e+06,0.5
264.368,6e+06,6e+06,3e+06,0.5
264.398,6e+06,6e+06,3e+06,0.5
264.433,6e+06,6e+06,3e+06,0.5
264.468,6e+06,6e+06,3e+06,0.5
264.498,6e+06,6e+06,3e+06,0.5
264.533,6e+06,6e+06,3e+06,0.5
264.568,6e+06,6e+06,3e+06,0.5
264.598,6e+06,6e+06,3e+06,0.5
264.633,6e+06,6e+06,3e+06,0.5
264.668,6e+06,6e+06,3e+06,0.5
264.698,6e+06,6e+06,3e+06,0.5
264.733,6e+06,6e+06,3e+06,0.5
264.768,6e+06,6e+06,3e+06,0.5
264.798,6e+06,6e+06,3e+06,0.5
264.833,6e+06,6e+06,3e+06,0.5
264.858,6e+06,6e+06,3e+06,0.5
264.888,6e+06,6e+06,3e+06,0.5
264.933,6e+06,6e+06,3e+06,0.5
264.963,6e+06,6e+06,3e+06,0.5
264.998,6e+06,6e+06,3e+06,0.5
265.028,6e+06,6e+06,3e+06,0.5
265.068,6e+06,6e+06,3e+06,0.5
265.098,6e+06,6e+06,3e+06,0.5
265.133,6e+06,6e+06,3e+06,0.5
265.168,6e+06,6e+06,3e+06,0.5
265.198,6e+06,6e+06,3e+06,0.5
265.233,6e+06,6e+06,3e+06,0.5
265.268,6e+06,6e+06,3e+06,0.5
265.298,6e+06,6e+06,3e+06,0.5
265.333,6e+06,6e+06,3e+06,0.5
265.368,6e+06,6e+06,3e+06,0.5
265.398,6e+06,6e+06,3e+06,0.5
265.433,6e+06,6e+06,3e+06,0.5
265.468,6e+06,6e+06,3e+06,0.5
265.498,6e+06,6e+06,3e+06,0.5
265.533,6e+06,6e+06,3e+06,0.5
265.568,6e+06,6e+06,3e+06,0.5
265.593,6e+06,6e+06,3e+06,0.5
265.618,6e+06,6e+06,3e+06,0.5
265.643,6e+06,6e+06,3e+06,0.5
265.668,6e+06,6e+06,3e+06,0.5
265.698,6e+06,6e+06,3e+06,0.5
265.733,6e+06,6e+06,3e+06,0.5
265.768,6e+06,6e+06,3e+06,0.5
265.793,6e+06,6e+06,3e+06,0.5
265.828,6e+06,6e+06,3e+06,0.5
265.863,6e+06,6e+06,3e+06,0.5
265.898,6e+06,6e+06,3e+06,0.5
265.933,6e+06,6e+06,3e+06,0.5
265.968,6e+06,6e+06,3e+06,0.5
265.998,6e+06,6e+06,3e+06,0.5
266.033,6e+06,6e+06,3e+06,0.5
266.068,6e+06,6e+06,3e+06,0.5
266.098,6e+06,6e+06,3e+06,0.5
266.133,6e+06,6e+06,3e+06,0.5
266.158,6e+06,6e+06,3e+06,0.5
266.198,6e+06,6e+06,3e+06,0.5
266.223,6e+06,6e+06,3e+06,0.5
266.248,6e+06,6e+06,3e+06,0.5
266.273,6e+06,6e+06,3e+06,0.5
266.298,6e+06,6e+06,3e+06,0.5
266.333,6e+06,6e+06,3e+06,0.5
266.368,6e+06,6e+06,3e+06,0.5
266.398,6e+06,6e+06,3e+06,0.5
266.433,6e+06,6e+06,3e+06,0.5
266.468,6e+06,6e+06,3e+06,0.5
266.498,6e+06,6e+06,3e+06,0.5
266.533,6e+06,6e+06,3e+06,0.5
266.568,6e+06,6e+06,3e+06,0.5
266.598,6e+06,6e+06,3e+06,0.5
266.628,6e+06,6e+06,3e+06,0.5
266.663,6e+06,6e+06,3e+06,0.5
266.688,6e+06,6e+06,3e+06,0.5
266.733,6e+06,6e+06,3e+06,0.5
266.768,6e+06,6e+06,3e+06,0.5
266.798,6e+06,6e+06,3e+06,0.5
266.833,6e+06,6e+06,3e+06,0.5
266.868,6e+06,6e+06,3e+06,0.5
266.898,6e+06,6e+06,3e+06,0.5
266.933,6e+06,6e+06,3e+06,0.5
266.968,6e+06,6e+06,3e+06,0.5
266.998,6e+06,6e+06,3e+06,0.5
267.033,6e+06,6e+06,3e+06,0.5
267.068,6e+06,6e+06,3e+06,0.5
267.098,6e+06,6e+06,3e+06,0.5
267.133,6e+06,6e+06,3e+06,0.5
267.168,6e+06,6e+06,3e+06,0.5
267.198,6e+06,6e+06,3e+06,0.5
267.223,6e+06,6e+06,3e+06,0.5
267.248,6e+06,6e+06,3e+06,0.5
267.273,6e+06,6e+06,3e+06,0.5
267.298,6e+06,6e+06,3e+06,0.5
267.333,6e+06,6e+06,3e+06,0.5
267.368,6e+06,6e+06,3e+06,0.5
267.398,6e+06,6e+06,3e+06,0.5
267.433,6e+06,6e+06,3e+06,0.5
267.468,6e+06,6e+06,3e+06,0.5
267.498,6e+06,6e+06,3e+06,0.5
267.533,6e+06,6e+06,3e+06,0.5
267.568,6e+06,6e+06,3e+06,0.5
267.598,6e+06,6e+06,3e+06,0.5
267.633,6e+06,6e+06,3e+06,0.5
267.668,6e+06,6e+06,3e+06,0.5
267.698,6e+06,6e+06,3e+06,0.5
267.733,6e+06,6e+06,3e+06,0.5
267.768,6e+06,6e+06,3e+06,0.5
267.798,6e+06,6e+06,3e+06,0.5
267.833,6e+06,6e+06,3e+06,0.5
267.868,6e+06,6e+06,3e+06,0.5
267.898,6e+06,6e+06,3e+06,0.5
267.933,6e+06,6e+06,3e+06,0.5
267.968,6e+06,6e+06,3e+06,0.5
267.998,6e+06,6e+06,3e+06,0.5
268.033,6e+06,6e+06,3e+06,0.5
268.068,6e+06,6e+06,3e+06,0.5
268.098,6e+06,6e+06,3e+06,0.5
268.133,6e+06,6e+06,3e+06,0.5
268.158,6e+06,6e+06,3e+06,0.5
268.198,6e+06,6e+06,3e+06,0.5
268.233,6e+06,6e+06,3e+06,0.5
268.268,6e+06,6e+06,3e+06,0.5
268.298,6e+06,6e+06,3e+06,0.5
268.333,6e+06,6e+06,3e+06,0.5
268.363,6e+06,6e+06,3e+06,0.5
268.398,6e+06,6e+06,3e+06,0.5
268.433,6e+06,6e+06,3e+06,0.5
268.468,6e+06,6e+06,3e+06,0.5
268.498,6e+06,6e+06,3e+06,0.5
268.533,6e+06,6e+06,3e+06,0.5
268.568,6e+06,6e+06,3e+06,0.5
268.598,6e+06,6e+06,3e+06,0.5
268.633,6e+06,6e+06,3e+06,0.5
268.668,6e+06,6e+06,3e+06,0.5
268.698,6e+06,6e+06,3e+06,0.5
268.723,6e+06,6e+06,3e+06,0.5
268.748,6e+06,6e+06,3e+06,0.5
268.773,6e+06,6e+06,3e+06,0.5
268.798,6e+06,6e+06,3e+06,0.5
268.823,6e+06,6e+06,3e+06,0.5
268.868,6e+06,6e+06,3e+06,0.5
268.898,6e+06,6e+06,3e+06,0.5
268.923,6e+06,6e+06,3e+06,0.5
268.968,6e+06,6e+06,3e+06,0.5
268.993,6e+06,6e+06,3e+06,0.5
269.033,6e+06,6e+06,3e+06,0.5
269.058,6e+06,6e+06,3e+06,0.5
269.098,6e+06,6e+06,3e+06,0.5
269.133,6e+06,6e+06,3e+06,0.5
269.168,6e+06,6e+06,3e+06,0.5
269.198,6e+06,6e+06,3e+06,0.5
269.228,6e+06,6e+06,3e+06,0.5
269.268,6e+06,6e+06,3e+06,0.5
269.298,6e+06,6e+06,3e+06,0.5
269.323,6e+06,6e+06,3e+06,0.5
269.368,6e+06,6e+06,3e+06,0.5
269.398,6e+06,6e+06,3e+06,0.5
269.433,6e+06,6e+06,3e+06,0.5
269.468,6e+06,6e+06,3e+06,0.5
269.493,6e+06,6e+06,3e+06,0.5
269.523,6e+06,6e+06,3e+06,0.5
269.568,6e+06,6e+06,3e+06,0.5
269.598,6e+06,6e+06,3e+06,0.5
269.633,6e+06,6e+06,3e+06,0.5
269.668,6e+06,6e+06,3e+06,0.5
269.698,6e+06,6e+06,3e+06,0.5
269.733,6e+06,6e+06,3e+06,0.5
269.758,6e+06,6e+06,3e+06,0.5
269.798,6e+06,6e+06,3e+06,0.5
269.833,6e+06,6e+06,3e+06,0.5
269.863,6e+06,6e+06,3e+06,0.5
269.898,6e+06,6e+06,3e+06,0.5
269.933,6e+06,6e+06,3e+06,0.5
269.968,6e+06,6e+06,3e+06,0.5
269.998,6e+06,6e+06,3e+06,0.5
270.033,6e+06,6e+06,3e+06,0.5
270.068,6e+06,6e+06,3e+06,0.5
270.098,6e+06,6e+06,3e+06,0.5
270.128,6e+06,6e+06,3e+06,0.5
270.168,6e+06,6e+06,3e+06,0.5
270.198,6e+06,6e+06,3e+06,0.5
270.233,6e+06,6e+06,3e+06,0.5
270.258,6e+06,6e+06,3e+06,0.5
270.283,6e+06,6e+06,3e+06,0.5
270.308,6e+06,6e+06,3e+06,0.5
270.333,6e+06,6e+06,3e+06,0.5
270.368,6e+06,6e+06,3e+06,0.5
270.398,6e+06,6e+06,3e+06,0.5
270.433,6e+06,6e+06,3e+06,0.5
270.468,6e+06,6e+06,3e+06,0.5
270.498,6e+06,6e+06,3e+06,0.5
270.533,6e+06,6e+06,3e+06,0.5
270.568,6e+06,6e+06,3e+06,0.5
270.598,6e+06,6e+06,3e+06,0.5
270.633,6e+06,6e+06,3e+06,0.5
270.668,6e+06,6e+06,3e+06,0.5
270.698,6e+06,6e+06,3e+06,0.5
270.733,6e+06,6e+06,3e+06,0.5
270.768,6e+06,6e+06,3e+06,0.5
270.798,6e+06,6e+06,3e+06,0.5
270.833,6e+06,6e+06,3e+06,0.5
270.868,6e+06,6e+06,3e+06,0.5
270.898,6e+06,6e+06,3e+06,0.5
270.933,6e+06,6e+06,3e+06,0.5
270.968,6e+06,6e+06,3e+06,0.5
270.998,6e+06,6e+06,3e+06,0.5
271.033,6e+06,6e+06,3e+06,0.5
271.068,6e+06,6e+06,3e+06,0.5
271.098,6e+06,6e+06,3e+06,0.5
271.133,6e+06,6e+06,3e+06,0.5
271.168,6e+06,6e+06,3e+06,0.5
271.198,6e+06,6e+06,3e+06,0.5
271.228,6e+06,6e+06,3e+06,0.5
271.268,6e+06,6e+06,3e+06,0.5
271.293,6e+06,6e+06,3e+06,0.5
271.333,6e+06,6e+06,3e+06,0.5
271.368,6e+06,6e+06,3e+06,0.5
271.398,6e+06,6e+06,3e+06,0.5
271.433,6e+06,6e+06,3e+06,0.5
271.463,6e+06,6e+06,3e+06,0.5
271.493,6e+06,6e+06,3e+06,0.5
271.523,6e+06,6e+06,3e+06,0.5
271.568,6e+06,6e+06,3e+06,0.5
271.598,6e+06,6e+06,3e+06,0.5
271.633,6e+06,6e+06,3e+06,0.5
271.663,6e+06,6e+06,3e+06,0.5
271.698,6e+06,6e+06,3e+06,0.5
271.733,6e+06,6e+06,3e+06,0.5
271.758,6e+06,6e+06,3e+06,0.5
271.783,6e+06,6e+06,3e+06,0.5
271.808,6e+06,6e+06,3e+06,0.5
271.833,6e+06,6e+06,3e+06,0.5
271.868,6e+06,6e+06,3e+06,0.5
271.898,6e+06,6e+06,3e+06,0.5
271.933,6e+06,6e+06,3e+06,0.5
271.968,6e+06,6e+06,3e+06,0.5
271.998,6e+06,6e+06,3e+06,0.5
272.033,6e+06,6e+06,3e+06,0.5
272.063,6e+06,6e+06,3e+06,0.5
272.098,6e+06,6e+06,3e+06,0.5
272.133,6e+06,6e+06,3e+06,0.5
272.168,6e+06,6e+06,3e+06,0.5
272.198,6e+06,6e+06,3e+06,0.5
272.223,6e+06,6e+06,3e+06,0.5
272.248,6e+06,6e+06,3e+06,0.5
272.273,6e+06,6e+06,3e+06,0.5
272.298,6e+06,6e+06,3e+06,0.5
272.333,6e+06,6e+06,3e+06,0.5
272.368,6e+06,6e+06,3e+06,0.5
272.398,6e+06,6e+06,3e+06,0.5
272.433,6e+06,6e+06,3e+06,0.5
272.468,6e+06,6e+06,3e+06,0.5
272.498,6e+06,6e+06,3e+06,0.5
272.533,6e+06,6e+06,3e+06,0.5
272.568,6e+06,6e+06,3e+06,0.5
272.598,6e+06,6e+06,3e+06,0.5
272.633,6e+06,6e+06,3e+06,0.5
272.668,6e+06,6e+06,3e+06,0.5
272.698,6e+06,6e+06,3e+06,0.5
272.733,6e+06,6e+06,3e+06,0.5
272.763,6e+06,6e+06,3e+06,0.5
272.798,6e+06,6e+06,3e+06,0.5
272.833,6e+06,6e+06,3e+06,0.5
272.868,6e+06,6e+06,3e+06,0.5
272.898,6e+06,6e+06,3e+06,0.5
272.933,6e+06,6e+06,3e+06,0.5
272.968,6e+06,6e+06,3e+06,0.5
272.998,6e+06,6e+06,3e+06,0.5
273.033,6e+06,6e+06,3e+06,0.5
273.068,6e+06,6e+06,3e+06,0.5
273.098,6e+06,6e+06,3e+06,0.5
273.133,6e+06,6e+06,3e+06,0.5
273.168,6e+06,6e+06,3e+06,0.5
273.198,6e+06,6e+06,3e+06,0.5
273.233,6e+06,6e+06,3e+06,0.5
273.268,6e+06,6e+06,3e+06,0.5
273.298,6e+06,6e+06,3e+06,0.5
273.328,6e+06,6e+06,3e+06,0.5
273.368,6e+06,6e+06,3e+06,0.5
273.398,6e+06,6e+06,3e+06,0.5
273.433,6e+06,6e+06,3e+06,0.5
273.468,6e+06,6e+06,3e+06,0.5
273.498,6e+06,6e+06,3e+06,0.5
273.533,6e+06,6e+06,3e+06,0.5
273.568,6e+06,6e+06,3e+06,0.5
273.598,6e+06,6e+06,3e+06,0.5
273.633,6e+06,6e+06,3e+06,0.5
273.663,6e+06,6e+06,3e+06,0.5
273.698,6e+06,6e+06,3e+06,0.5
273.733,6e+06,6e+06,3e+06,0.5
273.768,6e+06,6e+06,3e+06,0.5
273.798,6e+06,6e+06,3e+06,0.5
273.833,6e+06,6e+06,3e+06,0.5
273.858,6e+06,6e+06,3e+06,0.5
273.898,6e+06,6e+06,3e+06,0.5
273.933,6e+06,6e+06,3e+06,0.5
273.968,6e+06,6e+06,3e+06,0.5
273.998,6e+06,6e+06,3e+06,0.5
274.023,6e+06,6e+06,3e+06,0.5
274.068,6e+06,6e+06,3e+06,0.5
274.098,6e+06,6e+06,3e+06,0.5
274.133,6e+06,6e+06,3e+06,0.5
274.168,6e+06,6e+06,3e+06,0.5
274.198,6e+06,6e+06,3e+06,0.5
274.233,6e+06,6e+06,3e+06,0.5
274.268,6e+06,6e+06,3e+06,0.5
274.298,6e+06,6e+06,3e+06,0.5
274.333,6e+06,6e+06,3e+06,0.5
274.358,6e+06,6e+06,3e+06,0.5
274.398,6e+06,6e+06,3e+06,0.5
274.433,6e+06,6e+06,3e+06,0.5
274.468,6e+06,6e+06,3e+06,0.5
274.498,6e+06,6e+06,3e+06,0.5
274.533,6e+06,6e+06,3e+06,0.5
274.568,6e+06,6e+06,3e+06,0.5
274.598,6e+06,6e+06,3e+06,0.5
274.633,6e+06,6e+06,3e+06,0.5
274.668,6e+06,6e+06,3e+06,0.5
274.698,6e+06,6e+06,3e+06,0.5
274.733,6e+06,6e+06,3e+06,0.5
274.768,6e+06,6e+06,3e+06,0.5
274.798,6e+06,6e+06,3e+06,0.5
274.833,6e+06,6e+06,3e+06,0.5
274.868,6e+06,6e+06,3e+06,0.5
274.893,6e+06,6e+06,3e+06,0.5
274.933,6e+06,6e+06,3e+06,0.5
274.968,6e+06,6e+06,3e+06,0.5
274.998,6e+06,6e+06,3e+06,0.5
275.033,6e+06,6e+06,3e+06,0.5
275.068,6e+06,6e+06,3e+06,0.5
275.098,6e+06,6e+06,3e+06,0.5
275.133,6e+06,6e+06,3e+06,0.5
275.168,6e+06,6e+06,3e+06,0.5
275.198,6e+06,6e+06,3e+06,0.5
275.233,6e+06,6e+06,3e+06,0.5
275.268,6e+06,6e+06,3e+06,0.5
275.298,6e+06,6e+06,3e+06,0.5
275.333,6e+06,6e+06,3e+06,0.5
275.368,6e+06,6e+06,3e+06,0.5
275.398,6e+06,6e+06,3e+06,0.5
275.433,6e+06,6e+06,3e+06,0.5
275.468,6e+06,6e+06,3e+06,0.5
275.498,6e+06,6e+06,3e+06,0.5
275.533,6e+06,6e+06,3e+06,0.5
275.558,6e+06,6e+06,3e+06,0.5
275.598,6e+06,6e+06,3e+06,0.5
275.628,6e+06,6e+06,3e+06,0.5
275.668,6e+06,6e+06,3e+06,0.5
275.698,6e+06,6e+06,3e+06,0.5
275.728,6e+06,6e+06,3e+06,0.5
275.768,6e+06,6e+06,3e+06,0.5
275.798,6e+06,6e+06,3e+06,0.5
275.828,6e+06,6e+06,3e+06,0.5
275.868,6e+06,6e+06,3e+06,0.5
275.898,6e+06,6e+06,3e+06,0.5
275.933,6e+06,6e+06,3e+06,0.5
275.968,6e+06,6e+06,3e+06,0.5
275.998,6e+06,6e+06,3e+06,0.5
276.033,6e+06,6e+06,3e+06,0.5
276.068,6e+06,6e+06,3e+06,0.5
276.093,6e+06,6e+06,3e+06,0.5
276.133,6e+06,6e+06,3e+06,0.5
276.168,6e+06,6e+06,3e+06,0.5
276.198,6e+06,6e+06,3e+06,0.5
276.233,6e+06,6e+06,3e+06,0.5
276.268,6e+06,6e+06,3e+06,0.5
276.298,6e+06,6e+06,3e+06,0.5
276.333,6e+06,6e+06,3e+06,0.5
276.368,6e+06,6e+06,3e+06,0.5
276.398,6e+06,6e+06,3e+06,0.5
276.433,6e+06,6e+06,3e+06,0.5
276.458,6e+06,6e+06,3e+06,0.5
276.493,6e+06,6e+06,3e+06,0.5
276.533,6e+06,6e+06,3e+06,0.5
276.568,6e+06,6e+06,3e+06,0.5
276.598,6e+06,6e+06,3e+06,0.5
276.633,6e+06,6e+06,3e+06,0.5
276.668,6e+06,6e+06,3e+06,0.5
276.698,6e+06,6e+06,3e+06,0.5
276.733,6e+06,6e+06,3e+06,0.5
276.768,6e+06,6e+06,3e+06,0.5
276.798,6e+06,6e+06,3e+06,0.5
276.833,6e+06,6e+06,3e+06,0.5
276.868,6e+06,6e+06,3e+06,0.5
276.898,6e+06,6e+06,3e+06,0.5
276.933,6e+06,6e+06,3e+06,0.5
276.968,6e+06,6e+06,3e+06,0.5
276.998,6e+06,6e+06,3e+06,0.5
277.033,6e+06,6e+06,3e+06,0.5
277.068,6e+06,6e+06,3e+06,0.5
277.098,6e+06,6e+06,3e+06,0.5
277.133,6e+06,6e+06,3e+06,0.5
277.168,6e+06,6e+06,3e+06,0.5
277.198,6e+06,6e+06,3e+06,0.5
277.233,6e+06,6e+06,3e+06,0.5
277.268,6e+06,6e+06,3e+06,0.5
277.298,6e+06,6e+06,3e+06,0.5
277.333,6e+06,6e+06,3e+06,0.5
277.368,6e+06,6e+06,3e+06,0.5
277.398,6e+06,6e+06,3e+06,0.5
277.433,6e+06,6e+06,3e+06,0.5
277.468,6e+06,6e+06,3e+06,0.5
277.498,6e+06,6e+06,3e+06,0.5
277.533,6e+06,6e+06,3e+06,0.5
277.563,6e+06,6e+06,3e+06,0.5
277.598,6e+06,6e+06,3e+06,0.5
277.633,6e+06,6e+06,3e+06,0.5
277.668,6e+06,6e+06,3e+06,0.5
277.698,6e+06,6e+06,3e+06,0.5
277.728,6e+06,6e+06,3e+06,0.5
277.768,6e+06,6e+06,3e+06,0.5
277.798,6e+06,6e+06,3e+06,0.5
277.833,6e+06,6e+06,3e+06,0.5
277.868,6e+06,6e+06,3e+06,0.5
277.898,6e+06,6e+06,3e+06,0.5
277.933,6e+06,6e+06,3e+06,0.5
277.968,6e+06,6e+06,3e+06,0.5
277.998,6e+06,6e+06,3e+06,0.5
278.023,6e+06,6e+06,3e+06,0.5
278.068,6e+06,6e+06,3e+06,0.5
278.098,6e+06,6e+06,3e+06,0.5
278.133,6e+06,6e+06,3e+06,0.5
278.168,6e+06,6e+06,3e+06,0.5
278.198,6e+06,6e+06,3e+06,0.5
278.233,6e+06,6e+06,3e+06,0.5
278.268,6e+06,6e+06,3e+06,0.5
278.298,6e+06,6e+06,3e+06,0.5
278.333,6e+06,6e+06,3e+06,0.5
278.368,6e+06,6e+06,3e+06,0.5
278.398,6e+06,6e+06,3e+06,0.5
278.433,6e+06,6e+06,3e+06,0.5
278.468,6e+06,6e+06,3e+06,0.5
278.493,6e+06,6e+06,3e+06,0.5
278.528,6e+06,6e+06,3e+06,0.5
278.568,6e+06,6e+06,3e+06,0.5
278.598,6e+06,6e+06,3e+06,0.5
278.628,6e+06,6e+06,3e+06,0.5
278.668,6e+06,6e+06,3e+06,0.5
278.698,6e+06,6e+06,3e+06,0.5
278.733,6e+06,6e+06,3e+06,0.5
278.768,6e+06,6e+06,3e+06,0.5
278.798,6e+06,6e+06,3e+06,0.5
278.833,6e+06,6e+06,3e+06,0.5
278.868,6e+06,6e+06,3e+06,0.5
278.898,6e+06,6e+06,3e+06,0.5
278.933,6e+06,6e+06,3e+06,0.5
278.968,6e+06,6e+06,3e+06,0.5
278.998,6e+06,6e+06,3e+06,0.5
279.033,6e+06,6e+06,3e+06,0.5
279.068,6e+06,6e+06,3e+06,0.5
279.098,6e+06,6e+06,3e+06,0.5
279.133,6e+06,6e+06,3e+06,0.5
279.168,6e+06,6e+06,3e+06,0.5
279.198,6e+06,6e+06,3e+06,0.5
279.233,6e+06,6e+06,3e+06,0.5
279.268,6e+06,6e+06,3e+06,0.5
279.298,6e+06,6e+06,3e+06,0.5
279.333,6e+06,6e+06,3e+06,0.5
279.368,6e+06,6e+06,3e+06,0.5
279.398,6e+06,6e+06,3e+06,0.5
279.433,6e+06,6e+06,3e+06,0.5
279.468,6e+06,6e+06,3e+06,0.5
279.498,6e+06,6e+06,3e+06,0.5
279.533,6e+06,6e+06,3e+06,0.5
279.568,6e+06,6e+06,3e+06,0.5
279.598,6e+06,6e+06,3e+06,0.5
279.633,6e+06,6e+06,3e+06,0.5
279.668,6e+06,6e+06,3e+06,0.5
279.693,6e+06,6e+06,3e+06,0.5
279.733,6e+06,6e+06,3e+06,0.5
279.768,6e+06,6e+06,3e+06,0.5
279.798,6e+06,6e+06,3e+06,0.5
279.833,6e+06,6e+06,3e+06,0.5
279.868,6e+06,6e+06,3e+06,0.5
279.893,6e+06,6e+06,3e+06,0.5
279.933,6e+06,6e+06,3e+06,0.5
279.968,6e+06,6e+06,3e+06,0.5
279.998,6e+06,6e+06,3e+06,0.5
280.033,6e+06,6e+06,3e+06,0.5
280.063,6e+06,6e+06,3e+06,0.5
280.098,6e+06,6e+06,3e+06,0.5
280.133,6e+06,6e+06,3e+06,0.5
280.168,6e+06,6e+06,3e+06,0.5
280.198,6e+06,6e+06,3e+06,0.5
280.233,6e+06,6e+06,3e+06,0.5
280.268,6e+06,6e+06,3e+06,0.5
280.293,6e+06,6e+06,3e+06,0.5
280.318,6e+06,6e+06,3e+06,0.5
280.343,6e+06,6e+06,3e+06,0.5
280.368,6e+06,6e+06,3e+06,0.5
280.393,6e+06,6e+06,3e+06,0.5
280.418,6e+06,6e+06,3e+06,0.5
280.468,6e+06,6e+06,3e+06,0.5
280.493,6e+06,6e+06,3e+06,0.5
280.533,6e+06,6e+06,3e+06,0.5
280.568,6e+06,6e+06,3e+06,0.5
280.598,6e+06,6e+06,3e+06,0.5
280.633,6e+06,6e+06,3e+06,0.5
280.668,6e+06,6e+06,3e+06,0.5
280.698,6e+06,6e+06,3e+06,0.5
280.733,6e+06,6e+06,3e+06,0.5
280.768,6e+06,6e+06,3e+06,0.5
280.798,6e+06,6e+06,3e+06,0.5
280.833,6e+06,6e+06,3e+06,0.5
280.868,6e+06,6e+06,3e+06,0.5
280.898,6e+06,6e+06,3e+06,0.5
280.933,6e+06,6e+06,3e+06,0.5
280.968,6e+06,6e+06,3e+06,0.5
280.998,6e+06,6e+06,3e+06,0.5
281.033,6e+06,6e+06,3e+06,0.5
281.068,6e+06,6e+06,3e+06,0.5
281.093,6e+06,6e+06,3e+06,0.5
281.133,6e+06,6e+06,3e+06,0.5
281.168,6e+06,6e+06,3e+06,0.5
281.198,6e+06,6e+06,3e+06,0.5
281.233,6e+06,6e+06,3e+06,0.5
281.268,6e+06,6e+06,3e+06,0.5
281.298,6e+06,6e+06,3e+06,0.5
281.333,6e+06,6e+06,3e+06,0.5
281.368,6e+06,6e+06,3e+06,0.5
281.398,6e+06,6e+06,3e+06,0.5
281.433,6e+06,6e+06,3e+06,0.5
281.468,6e+06,6e+06,3e+06,0.5
281.498,6e+06,6e+06,3e+06,0.5
281.533,6e+06,6e+06,3e+06,0.5
281.568,6e+06,6e+06,3e+06,0.5
281.598,6e+06,6e+06,3e+06,0.5
281.633,6e+06,6e+06,3e+06,0.5
281.668,6e+06,6e+06,3e+06,0.5
281.698,6e+06,6e+06,3e+06,0.5
281.723,6e+06,6e+06,3e+06,0.5
281.748,6e+06,6e+06,3e+06,0.5
281.773,6e+06,6e+06,3e+06,0.5
281.798,6e+06,6e+06,3e+06,0.5
281.833,6e+06,6e+06,3e+06,0.5
281.868,6e+06,6e+06,3e+06,0.5
281.898,6e+06,6e+06,3e+06,0.5
281.933,6e+06,6e+06,3e+06,0.5
281.968,6e+06,6e+06,3e+06,0.5
281.998,6e+06,6e+06,3e+06,0.5
282.033,6e+06,6e+06,3e+06,0.5
282.058,6e+06,6e+06,3e+06,0.5
282.098,6e+06,6e+06,3e+06,0.5
282.133,6e+06,6e+06,3e+06,0.5
282.158,6e+06,6e+06,3e+06,0.5
282.198,6e+06,6e+06,3e+06,0.5
282.233,6e+06,6e+06,3e+06,0.5
282.268,6e+06,6e+06,3e+06,0.5
282.298,6e+06,6e+06,3e+06,0.5
282.333,6e+06,6e+06,3e+06,0.5
282.363,6e+06,6e+06,3e+06,0.5
282.398,6e+06,6e+06,3e+06,0.5
282.433,6e+06,6e+06,3e+06,0.5
282.468,6e+06,6e+06,3e+06,0.5
282.498,6e+06,6e+06,3e+06,0.5
282.533,6e+06,6e+06,3e+06,0.5
282.558,6e+06,6e+06,3e+06,0.5
282.598,6e+06,6e+06,3e+06,0.5
282.633,6e+06,6e+06,3e+06,0.5
282.663,6e+06,6e+06,3e+06,0.5
282.698,6e+06,6e+06,3e+06,0.5
282.728,6e+06,6e+06,3e+06,0.5
282.768,6e+06,6e+06,3e+06,0.5
282.793,6e+06,6e+06,3e+06,0.5
282.833,6e+06,6e+06,3e+06,0.5
282.868,6e+06,6e+06,3e+06,0.5
282.898,6e+06,6e+06,3e+06,0.5
282.933,6e+06,6e+06,3e+06,0.5
282.968,6e+06,6e+06,3e+06,0.5
282.998,6e+06,6e+06,3e+06,0.5
283.033,6e+06,6e+06,3e+06,0.5
283.058,6e+06,6e+06,3e+06,0.5
283.083,6e+06,6e+06,3e+06,0.5
283.108,6e+06,6e+06,3e+06,0.5
283.133,6e+06,6e+06,3e+06,0.5
283.168,6e+06,6e+06,3e+06,0.5
283.198,6e+06,6e+06,3e+06,0.5
283.233,6e+06,6e+06,3e+06,0.5
283.268,6e+06,6e+06,3e+06,0.5
283.293,6e+06,6e+06,3e+06,0.5
283.318,6e+06,6e+06,3e+06,0.5
283.343,6e+06,6e+06,3e+06,0.5
283.368,6e+06,6e+06,3e+06,0.5
283.398,6e+06,6e+06,3e+06,0.5
283.433,6e+06,6e+06,3e+06,0.5
283.468,6e+06,6e+06,3e+06,0.5
283.498,6e+06,6e+06,3e+06,0.5
283.533,6e+06,6e+06,3e+06,0.5
283.568,6e+06,6e+06,3e+06,0.5
283.598,6e+06,6e+06,3e+06,0.5
283.633,6e+06,6e+06,3e+06,0.5
283.668,6e+06,6e+06,3e+06,0.5
283.698,6e+06,6e+06,3e+06,0.5
283.733,6e+06,6e+06,3e+06,0.5
283.768,6e+06,6e+06,3e+06,0.5
283.798,6e+06,6e+06,3e+06,0.5
283.833,6e+06,6e+06,3e+06,0.5
283.868,6e+06,6e+06,3e+06,0.5
283.898,6e+06,6e+06,3e+06,0.5
283.933,6e+06,6e+06,3e+06,0.5
283.968,6e+06,6e+06,3e+06,0.5
283.998,6e+06,6e+06,3e+06,0.5
284.033,6e+06,6e+06,3e+06,0.5
284.058,6e+06,6e+06,3e+06,0.5
284.098,6e+06,6e+06,3e+06,0.5
284.133,6e+06,6e+06,3e+06,0.5
284.168,6e+06,6e+06,3e+06,0.5
284.198,6e+06,6e+06,3e+06,0.5
284.223,6e+06,6e+06,3e+06,0.5
284.268,6e+06,6e+06,3e+06,0.5
284.298,6e+06,6e+06,3e+06,0.5
284.333,6e+06,6e+06,3e+06,0.5
284.368,6e+06,6e+06,3e+06,0.5
284.398,6e+06,6e+06,3e+06,0.5
284.428,6e+06,6e+06,3e+06,0.5
284.458,6e+06,6e+06,3e+06,0.5
284.483,6e+06,6e+06,3e+06,0.5
284.508,6e+06,6e+06,3e+06,0.5
284.533,6e+06,6e+06,3e+06,0.5
284.568,6e+06,6e+06,3e+06,0.5
284.598,6e+06,6e+06,3e+06,0.5
284.633,6e+06,6e+06,3e+06,0.5
284.663,6e+06,6e+06,3e+06,0.5
284.698,6e+06,6e+06,3e+06,0.5
284.733,6e+06,6e+06,3e+06,0.5
284.768,6e+06,6e+06,3e+06,0.5
284.798,6e+06,6e+06,3e+06,0.5
284.833,6e+06,6e+06,3e+06,0.5
284.868,6e+06,6e+06,3e+06,0.5
284.898,6e+06,6e+06,3e+06,0.5
284.933,6e+06,6e+06,3e+06,0.5
284.968,6e+06,6e+06,3e+06,0.5
284.998,6e+06,6e+06,3e+06,0.5
285.033,6e+06,6e+06,3e+06,0.5
285.058,6e+06,6e+06,3e+06,0.5
285.098,6e+06,6e+06,3e+06,0.5
285.133,6e+06,6e+06,3e+06,0.5
285.168,6e+06,6e+06,3e+06,0.5
285.198,6e+06,6e+06,3e+06,0.5
285.233,6e+06,6e+06,3e+06,0.5
285.268,6e+06,6e+06,3e+06,0.5
285.298,6e+06,6e+06,3e+06,0.5
285.328,6e+06,6e+06,3e+06,0.5
285.368,6e+06,6e+06,3e+06,0.5
285.398,6e+06,6e+06,3e+06,0.5
285.428,6e+06,6e+06,3e+06,0.5
285.468,6e+06,6e+06,3e+06,0.5
285.498,6e+06,6e+06,3e+06,0.5
285.533,6e+06,6e+06,3e+06,0.5
285.568,6e+06,6e+06,3e+06,0.5
285.598,6e+06,6e+06,3e+06,0.5
285.633,6e+06,6e+06,3e+06,0.5
285.668,6e+06,6e+06,3e+06,0.5
285.698,6e+06,6e+06,3e+06,0.5
285.733,6e+06,6e+06,3e+06,0.5
285.768,6e+06,6e+06,3e+06,0.5
285.793,6e+06,6e+06,3e+06,0.5
285.818,6e+06,6e+06,3e+06,0.5
285.843,6e+06,6e+06,3e+06,0.5
285.868,6e+06,6e+06,3e+06,0.5
285.898,6e+06,6e+06,3e+06,0.5
285.933,6e+06,6e+06,3e+06,0.5
285.963,6e+06,6e+06,3e+06,0.5
285.998,6e+06,6e+06,3e+06,0.5
286.033,6e+06,6e+06,3e+06,0.5
286.068,6e+06,6e+06,3e+06,0.5
286.098,6e+06,6e+06,3e+06,0.5
286.133,6e+06,6e+06,3e+06,0.5
286.168,6e+06,6e+06,3e+06,0.5
286.198,6e+06,6e+06,3e+06,0.5
286.233,6e+06,6e+06,3e+06,0.5
286.268,6e+06,6e+06,3e+06,0.5
286.298,6e+06,6e+06,3e+06,0.5
286.333,6e+06,6e+06,3e+06,0.5
286.368,6e+06,6e+06,3e+06,0.5
286.393,6e+06,6e+06,3e+06,0.5
286.418,6e+06,6e+06,3e+06,0.5
286.443,6e+06,6e+06,3e+06,0.5
286.468,6e+06,6e+06,3e+06,0.5
286.498,6e+06,6e+06,3e+06,0.5
286.533,6e+06,6e+06,3e+06,0.5
286.568,6e+06,6e+06,3e+06,0.5
286.598,6e+06,6e+06,3e+06,0.5
286.633,6e+06,6e+06,3e+06,0.5
286.663,6e+06,6e+06,3e+06,0.5
286.693,6e+06,6e+06,3e+06,0.5
286.733,6e+06,6e+06,3e+06,0.5
286.768,6e+06,6e+06,3e+06,0.5
286.798,6e+06,6e+06,3e+06,0.5
286.833,6e+06,6e+06,3e+06,0.5
286.868,6e+06,6e+06,3e+06,0.5
286.898,6e+06,6e+06,3e+06,0.5
286.928,6e+06,6e+06,3e+06,0.5
286.968,6e+06,6e+06,3e+06,0.5
286.998,6e+06,6e+06,3e+06,0.5
287.033,6e+06,6e+06,3e+06,0.5
287.058,6e+06,6e+06,3e+06,0.5
287.083,6e+06,6e+06,3e+06,0.5
287.108,6e+06,6e+06,3e+06,0.5
287.133,6e+06,6e+06,3e+06,0.5
287.168,6e+06,6e+06,3e+06,0.5
287.198,6e+06,6e+06,3e+06,0.5
287.233,6e+06,6e+06,3e+06,0.5
287.268,6e+06,6e+06,3e+06,0.5
287.298,6e+06,6e+06,3e+06,0.5
287.333,6e+06,6e+06,3e+06,0.5
287.358,6e+06,6e+06,3e+06,0.5
287.398,6e+06,6e+06,3e+06,0.5
287.433,6e+06,6e+06,3e+06,0.5
287.468,6e+06,6e+06,3e+06,0.5
287.498,6e+06,6e+06,3e+06,0.5
287.523,6e+06,6e+06,3e+06,0.5
287.568,6e+06,6e+06,3e+06,0.5
287.598,6e+06,6e+06,3e+06,0.5
287.633,6e+06,6e+06,3e+06,0.5
287.668,6e+06,6e+06,3e+06,0.5
287.698,6e+06,6e+06,3e+06,0.5
287.733,6e+06,6e+06,3e+06,0.5
287.768,6e+06,6e+06,3e+06,0.5
287.798,6e+06,6e+06,3e+06,0.5
287.833,6e+06,6e+06,3e+06,0.5
287.868,6e+06,6e+06,3e+06,0.5
287.898,6e+06,6e+06,3e+06,0.5
287.933,6e+06,6e+06,3e+06,0.5
287.968,6e+06,6e+06,3e+06,0.5
287.998,6e+06,6e+06,3e+06,0.5
288.033,6e+06,6e+06,3e+06,0.5
288.068,6e+06,6e+06,3e+06,0.5
288.098,6e+06,6e+06,3e+06,0.5
288.128,6e+06,6e+06,3e+06,0.5
288.168,6e+06,6e+06,3e+06,0.5
288.198,6e+06,6e+06,3e+06,0.5
288.228,6e+06,6e+06,3e+06,0.5
288.268,6e+06,6e+06,3e+06,0.5
288.298,6e+06,6e+06,3e+06,0.5
288.323,6e+06,6e+06,3e+06,0.5
288.348,6e+06,6e+06,3e+06,0.5
288.373,6e+06,6e+06,3e+06,0.5
288.398,6e+06,6e+06,3e+06,0.5
288.433,6e+06,6e+06,3e+06,0.5
288.468,6e+06,6e+06,3e+06,0.5
288.493,6e+06,6e+06,3e+06,0.5
288.533,6e+06,6e+06,3e+06,0.5
288.568,6e+06,6e+06,3e+06,0.5
288.593,6e+06,6e+06,3e+06,0.5
288.633,6e+06,6e+06,3e+06,0.5
288.668,6e+06,6e+06,3e+06,0.5
288.698,6e+06,6e+06,3e+06,0.5
288.733,6e+06,6e+06,3e+06,0.5
288.768,6e+06,6e+06,3e+06,0.5
288.798,6e+06,6e+06,3e+06,0.5
288.833,6e+06,6e+06,3e+06,0.5
288.868,6e+06,6e+06,3e+06,0.5
288.898,6e+06,6e+06,3e+06,0.5
288.933,6e+06,6e+06,3e+06,0.5
288.968,6e+06,6e+06,3e+06,0.5
288.998,6e+06,6e+06,3e+06,0.5
289.033,6e+06,6e+06,3e+06,0.5
289.068,6e+06,6e+06,3e+06,0.5
289.098,6e+06,6e+06,3e+06,0.5
289.133,6e+06,6e+06,3e+06,0.5
289.168,6e+06,6e+06,3e+06,0.5
289.198,6e+06,6e+06,3e+06,0.5
289.228,6e+06,6e+06,3e+06,0.5
289.268,6e+06,6e+06,3e+06,0.5
289.298,6e+06,6e+06,3e+06,0.5
289.333,6e+06,6e+06,3e+06,0.5
289.368,6e+06,6e+06,3e+06,0.5
289.398,6e+06,6e+06,3e+06,0.5
289.433,6e+06,6e+06,3e+06,0.5
289.468,6e+06,6e+06,3e+06,0.5
289.498,6e+06,6e+06,3e+06,0.5
289.533,6e+06,6e+06,3e+06,0.5
289.568,6e+06,6e+06,3e+06,0.5
289.598,6e+06,6e+06,3e+06,0.5
289.623,6e+06,6e+06,3e+06,0.5
289.648,6e+06,6e+06,3e+06,0.5
289.673,6e+06,6e+06,3e+06,0.5
289.698,6e+06,6e+06,3e+06,0.5
289.733,6e+06,6e+06,3e+06,0.5
289.768,6e+06,6e+06,3e+06,0.5
289.798,6e+06,6e+06,3e+06,0.5
289.833,6e+06,6e+06,3e+06,0.5
289.868,6e+06,6e+06,3e+06,0.5
289.898,6e+06,6e+06,3e+06,0.5
289.933,6e+06,6e+06,3e+06,0.5
289.968,6e+06,6e+06,3e+06,0.5
289.998,6e+06,6e+06,3e+06,0.5
290.033,6e+06,6e+06,3e+06,0.5
290.068,6e+06,6e+06,3e+06,0.5
290.098,6e+06,6e+06,3e+06,0.5
290.133,6e+06,6e+06,3e+06,0.5
290.158,6e+06,6e+06,3e+06,0.5
290.183,6e+06,6e+06,3e+06,0.5
290.208,6e+06,6e+06,3e+06,0.5
290.233,6e+06,6e+06,3e+06,0.5
290.268,6e+06,6e+06,3e+06,0.5
290.298,6e+06,6e+06,3e+06,0.5
290.333,6e+06,6e+06,3e+06,0.5
290.368,6e+06,6e+06,3e+06,0.5
290.398,6e+06,6e+06,3e+06,0.5
290.433,6e+06,6e+06,3e+06,0.5
290.468,6e+06,6e+06,3e+06,0.5
290.498,6e+06,6e+06,3e+06,0.5
290.523,6e+06,6e+06,3e+06,0.5
290.568,6e+06,6e+06,3e+06,0.5
290.598,6e+06,6e+06,3e+06,0.5
290.633,6e+06,6e+06,3e+06,0.5
290.668,6e+06,6e+06,3e+06,0.5
290.698,6e+06,6e+06,3e+06,0.5
290.733,6e+06,6e+06,3e+06,0.5
290.768,6e+06,6e+06,3e+06,0.5
290.798,6e+06,6e+06,3e+06,0.5
290.823,6e+06,6e+06,3e+06,0.5
290.848,6e+06,6e+06,3e+06,0.5
290.873,6e+06,6e+06,3e+06,0.5
290.898,6e+06,6e+06,3e+06,0.5
290.933,6e+06,6e+06,3e+06,0.5
290.968,6e+06,6e+06,3e+06,0.5
290.998,6e+06,6e+06,3e+06,0.5
291.033,6e+06,6e+06,3e+06,0.5
291.068,6e+06,6e+06,3e+06,0.5
291.098,6e+06,6e+06,3e+06,0.5
291.133,6e+06,6e+06,3e+06,0.5
291.168,6e+06,6e+06,3e+06,0.5
291.198,6e+06,6e+06,3e+06,0.5
291.233,6e+06,6e+06,3e+06,0.5
291.268,6e+06,6e+06,3e+06,0.5
291.298,6e+06,6e+06,3e+06,0.5
291.323,6e+06,6e+06,3e+06,0.5
291.368,6e+06,6e+06,3e+06,0.5
291.398,6e+06,4.8e+06,2.4e+06,0.5
291.433,6e+06,4.8e+06,2.4e+06,0.5
291.468,6e+06,4.8e+06,2.4e+06,0.5
291.498,6e+06,4.8e+06,2.4e+06,0.5
291.533,6e+06,4.8e+06,2.4e+06,0.5
291.568,6e+06,4.8e+06,2.4e+06,0.5
291.598,6e+06,4.8e+06,2.4e+06,0.5
291.633,6e+06,4.8e+06,2.4e+06,0.5
291.668,6e+06,4.8e+06,2.4e+06,0.5
291.698,6e+06,4.8e+06,2.4e+06,0.5
291.733,6e+06,4.8e+06,2.4e+06,0.5
291.768,6e+06,4.8e+06,2.4e+06,0.5
291.798,6e+06,4.8e+06,2.4e+06,0.5
291.833,6e+06,5.185e+06,2.5925e+06,0.5
291.868,6e+06,5.185e+06,2.5925e+06,0.5
291.898,6e+06,5.185e+06,2.5925e+06,0.5
291.933,6e+06,5.185e+06,2.5925e+06,0.5
291.968,6e+06,5.185e+06,2.5925e+06,0.5
291.998,6e+06,5.185e+06,2.5925e+06,0.5
292.033,6e+06,5.185e+06,2.5925e+06,0.5
292.068,6e+06,5.185e+06,2.5925e+06,0.5
292.098,6e+06,5.185e+06,2.5925e+06,0.5
292.123,6e+06,5.185e+06,2.5925e+06,0.5
292.148,6e+06,5.185e+06,2.5925e+06,0.5
292.173,6e+06,5.185e+06,2.5925e+06,0.5
292.198,6e+06,5.185e+06,2.5925e+06,0.5
292.233,6e+06,5.185e+06,2.5925e+06,0.5
292.268,6e+06,5.185e+06,2.5925e+06,0.5
292.298,6e+06,5.185e+06,2.5925e+06,0.5
292.333,6e+06,5.185e+06,2.5925e+06,0.5
292.368,6e+06,5.185e+06,2.5925e+06,0.5
292.398,6e+06,4.148e+06,2.074e+06,0.5
292.433,6e+06,4.148e+06,2.074e+06,0.5
292.468,6e+06,4.148e+06,2.074e+06,0.5
292.498,6e+06,4.148e+06,2.074e+06,0.5
292.533,6e+06,4.148e+06,2.074e+06,0.5
292.568,6e+06,4.148e+06,2.074e+06,0.5
292.598,6e+06,4.148e+06,2.074e+06,0.5
292.633,6e+06,4.148e+06,2.074e+06,0.5
292.668,6e+06,4.148e+06,2.074e+06,0.5
292.698,6e+06,3.55511e+06,1.77755e+06,0.5
292.733,6e+06,3.55511e+06,1.77755e+06,0.5
292.768,6e+06,3.55511e+06,1.77755e+06,0.5
292.798,6e+06,3.55511e+06,1.77755e+06,0.5
292.833,6e+06,3.55511e+06,1.77755e+06,0.5
292.868,6e+06,3.55511e+06,1.77755e+06,0.5
292.898,6e+06,3.19299e+06,1.59649e+06,0.5
292.933,6e+06,3.19299e+06,1.59649e+06,0.5
292.968,6e+06,3.19299e+06,1.59649e+06,0.5
292.998,6e+06,3.19299e+06,1.59649e+06,0.5
293.033,6e+06,3.19299e+06,1.59649e+06,0.5
293.068,6e+06,3.19299e+06,1.59649e+06,0.5
293.098,6e+06,2.94093e+06,1.47046e+06,0.5
293.133,6e+06,2.94093e+06,1.47046e+06,0.5
293.168,6e+06,2.94093e+06,1.47046e+06,0.5
293.198,6e+06,2.94093e+06,1.47046e+06,0.5
293.233,6e+06,2.94093e+06,1.47046e+06,0.5
293.268,6e+06,2.94093e+06,1.47046e+06,0.5
293.298,6e+06,2.53116e+06,1.26558e+06,0.5
293.333,6e+06,2.53116e+06,1.26558e+06,0.5
293.368,6e+06,2.53116e+06,1.26558e+06,0.5
293.398,6e+06,2.02492e+06,1.01246e+06,0.5
293.433,6e+06,2.02492e+06,1.01246e+06,0.5
293.468,6e+06,2.02492e+06,1.01246e+06,0.5
293.498,6e+06,2.02492e+06,1.01246e+06,0.5
293.533,6e+06,2.02492e+06,1.01246e+06,0.5
293.568,6e+06,2.02492e+06,1.01246e+06,0.5
293.598,6e+06,2.02492e+06,1.01246e+06,0.5
293.633,6e+06,2.02492e+06,1.01246e+06,0.5
293.668,6e+06,2.02492e+06,1.01246e+06,0.5
293.698,6e+06,2.0077e+06,1.00385e+06,0.5
293.733,6e+06,2.0077e+06,1.00385e+06,0.5
293.768,6e+06,2.0077e+06,1.00385e+06,0.5
293.798,6e+06,2.0077e+06,1.00385e+06,0.5
293.833,6e+06,2.0077e+06,1.00385e+06,0.5
293.868,6e+06,2.0077e+06,1.00385e+06,0.5
293.898,6e+06,1.68802e+06,844007,0.5
293.933,6e+06,1.68802e+06,844007,0.5
293.968,6e+06,1.68802e+06,844007,0.5
293.998,6e+06,1.68802e+06,844007,0.5
294.033,6e+06,1.68802e+06,844007,0.5
294.068,6e+06,1.68802e+06,844007,0.5
294.098,6e+06,1.62131e+06,810655,0.5
294.133,6e+06,1.62131e+06,810655,0.5
294.168,6e+06,1.62131e+06,810655,0.5
294.198,6e+06,1.62131e+06,810655,0.5
294.233,6e+06,1.62131e+06,810655,0.5
294.268,6e+06,1.62131e+06,810655,0.5
294.298,6e+06,1.4482e+06,724099,0.5
294.333,6e+06,1.4482e+06,724099,0.5
294.368,6e+06,1.4482e+06,724099,0.5
294.393,6e+06,1.15856e+06,579279,0.5
294.418,6e+06,1.15856e+06,579279,0.5
294.443,6e+06,1.15856e+06,579279,0.5
294.468,6e+06,1.15856e+06,579279,0.5
294.498,6e+06,1.15856e+06,579279,0.5
294.533,6e+06,1.15856e+06,579279,0.5
294.568,6e+06,1.15856e+06,579279,0.5
294.598,6e+06,1.15856e+06,579279,0.5
294.633,6e+06,1.15856e+06,579279,0.5
294.668,6e+06,1.15856e+06,579279,0.5
294.698,6e+06,1.09996e+06,549979,0.5
294.733,6e+06,1.09996e+06,549979,0.5
294.768,6e+06,1.09996e+06,549979,0.5
294.798,6e+06,1.09996e+06,549979,0.5
294.833,6e+06,1.09996e+06,549979,0.5
294.868,6e+06,1.09996e+06,549979,0.5
294.898,6e+06,986698,493349,0.5
294.933,6e+06,986698,493349,0.5
294.968,6e+06,986698,493349,0.5
294.998,6e+06,986698,493349,0.5
295.033,6e+06,986698,493349,0.5
295.068,6e+06,986698,493349,0.5
295.098,6e+06,872810,436405,0.5
295.133,6e+06,872810,436405,0.5
295.168,6e+06,872810,436405,0.5
295.198,6e+06,872810,436405,0.5
295.233,6e+06,872810,436405,0.5
295.268,6e+06,872810,436405,0.5
295.298,6e+06,791149,395574,0.5
295.333,6e+06,791149,395574,0.5
295.368,6e+06,791149,395574,0.5
295.398,6e+06,632919,316459,0.5
295.423,6e+06,632919,316459,0.5
295.453,6e+06,632919,316459,0.5
295.498,6e+06,632919,316459,0.5
295.533,6e+06,632919,316459,0.5
295.568,6e+06,632919,316459,0.5
295.598,6e+06,632919,316459,0.5
295.633,6e+06,632919,316459,0.5
295.668,6e+06,632919,316459,0.5
295.698,6e+06,586231,293115,0.5
295.733,6e+06,586231,293115,0.5
295.768,6e+06,586231,293115,0.5
295.798,6e+06,586231,293115,0.5
295.833,6e+06,586231,293115,0.5
295.898,6e+06,516382,258191,0.5
295.933,6e+06,516382,258191,0.5
295.968,6e+06,516382,258191,0.5
295.998,6e+06,516382,258191,0.5
296.033,6e+06,516382,258191,0.5
296.068,6e+06,516382,258191,0.5
296.098,6e+06,516382,258191,0.5
296.133,6e+06,516382,258191,0.5
296.168,6e+06,516382,258191,0.5
296.198,6e+06,516382,258191,0.5
296.233,6e+06,516382,258191,0.5
296.268,6e+06,516382,258191,0.5
296.298,6e+06,413760,206880,0.5
296.333,6e+06,413760,206880,0.5
296.368,6e+06,413760,206880,0.5
296.398,6e+06,331008,165504,0.5
296.433,6e+06,331008,165504,0.5
296.468,6e+06,331008,165504,0.5
296.498,6e+06,331008,165504,0.5
296.533,6e+06,331008,165504,0.5
296.568,6e+06,331008,165504,0.5
296.598,6e+06,331008,165504,0.5
296.633,6e+06,331008,165504,0.5
296.668,6e+06,331008,165504,0.5
296.698,6e+06,331008,165504,0.5
296.733,6e+06,331008,165504,0.5
296.768,6e+06,331008,165504,0.5
296.798,6e+06,331008,165504,0.5
296.833,6e+06,331008,165504,0.5
296.868,6e+06,331008,165504,0.5
296.898,6e+06,322431,161215,0.5
296.933,6e+06,322431,161215,0.5
296.968,6e+06,322431,161215,0.5
296.998,6e+06,322431,161215,0.5
297.033,6e+06,322431,161215,0.5
297.068,6e+06,322431,161215,0.5
297.098,6e+06,285124,142562,0.5
297.133,6e+06,285124,142562,0.5
297.168,6e+06,285124,142562,0.5
297.198,6e+06,285124,142562,0.5
297.233,6e+06,285124,142562,0.5
297.268,6e+06,285124,142562,0.5
297.298,6e+06,261924,130962,0.5
297.333,6e+06,261924,130962,0.5
297.368,6e+06,261924,130962,0.5
297.398,6e+06,209539,104769,0.5
297.433,6e+06,209539,104769,0.5
297.468,6e+06,209539,104769,0.5
297.498,6e+06,209539,104769,0.5
297.533,6e+06,209539,104769,0.5
297.568,6e+06,209539,104769,0.5
297.598,6e+06,209539,104769,0.5
297.633,6e+06,209539,104769,0.5
297.668,6e+06,209539,104769,0.5
297.698,6e+06,202877,101438,0.5
297.733,6e+06,202877,101438,0.5
297.768,6e+06,202877,101438,0.5
297.798,6e+06,202877,101438,0.5
297.833,6e+06,202877,101438,0.5
297.868,6e+06,202877,101438,0.5
297.898,6e+06,202877,101438,0.5
297.938,6e+06,150510,75255,0.5
297.968,6e+06,150510,75255,0.5
297.998,6e+06,150510,75255,0.5
298.033,6e+06,150510,75255,0.5
298.068,6e+06,150510,75255,0.5
298.098,6e+06,150510,75255,0.5
298.133,6e+06,150510,75255,0.5
298.168,6e+06,150510,75255,0.5
298.198,6e+06,133276,66638,0.5
298.233,6e+06,133276,66638,0.5
298.268,6e+06,133276,66638,0.5
298.298,6e+06,133276,66638,0.5
298.333,6e+06,133276,66638,0.5
298.368,6e+06,133276,66638,0.5
298.403,6e+06,106621,53310,0.5
298.443,6e+06,106621,53310,0.5
298.468,6e+06,106621,53310,0.5
298.498,6e+06,106621,53310,0.5
298.533,6e+06,106621,53310,0.5
298.568,6e+06,106621,53310,0.5
298.598,6e+06,106621,53310,0.5
298.633,6e+06,106621,53310,0.5
298.668,6e+06,106621,53310,0.5
298.698,6e+06,106621,53310,0.5
298.733,6e+06,106621,53310,0.5
298.768,6e+06,106621,53310,0.5
298.798,6e+06,106621,53310,0.5
298.833,6e+06,106621,53310,0.5
298.868,6e+06,106621,53310,0.5
298.898,6e+06,106621,53310,0.5
298.933,6e+06,106621,53310,0.5
298.968,6e+06,106621,53310,0.5
298.998,6e+06,106621,53310,0.5
299.033,6e+06,106621,53310,0.5
299.068,6e+06,106621,53310,0.5
299.098,6e+06,106621,53310,0.5
299.133,6e+06,106621,53310,0.5
299.168,6e+06,106621,53310,0.5
299.198,6e+06,106621,53310,0.5
299.233,6e+06,106621,53310,0.5
299.268,6e+06,106621,53310,0.5
299.298,6e+06,100000,50000,0.5
299.333,6e+06,100000,50000,0.5
299.368,6e+06,100000,50000,0.5
299.398,6e+06,100000,50000,0.5
299.433,6e+06,100000,50000,0.5
299.468,6e+06,100000,50000,0.5
299.498,6e+06,100000,50000,0.5
299.533,6e+06,100000,50000,0.5
299.568,6e+06,100000,50000,0.5
299.598,6e+06,100000,50000,0.5
299.633,6e+06,100000,50000,0.5
299.668,6e+06,100000,50000,0.5
299.698,6e+06,100000,50000,0.5
299.733,6e+06,100000,50000,0.5
299.768,6e+06,100000,50000,0.5
299.798,6e+06,100000,50000,0.5
299.833,6e+06,100000,50000,0.5
299.868,6e+06,100000,50000,0.5
299.898,6e+06,100000,50000,0.5
299.933,6e+06,100000,50000,0.5
299.968,6e+06,100000,50000,0.5
299.998,6e+06,100000,50000,0.5
300.033,6e+06,100000,50000,0.5
300.068,6e+06,100000,50000,0.5
300.098,6e+06,100000,50000,0.5
300.133,6e+06,100000,50000,0.5
300.168,6e+06,100000,50000,0.5
300.198,6e+06,100000,50000,0.5
300.233,6e+06,100000,50000,0.5
300.268,6e+06,100000,50000,0.5
300.298,6e+06,100000,50000,0.5
300.333,6e+06,100000,50000,0.5
300.368,6e+06,100000,50000,0.5
300.398,6e+06,100000,50000,0.5
300.433,6e+06,100000,50000,0.5
300.468,6e+06,100000,50000,0.5
300.498,6e+06,100000,50000,0.5
300.533,6e+06,100000,50000,0.5
300.568,6e+06,100000,50000,0.5
300.598,6e+06,100000,50000,0.5
300.633,6e+06,100000,50000,0.5
300.668,6e+06,100000,50000,0.5
300.698,6e+06,100000,50000,0.5
300.733,6e+06,100000,50000,0.5
300.768,6e+06,100000,50000,0.5
300.798,6e+06,100000,50000,0.5
300.833,6e+06,100000,50000,0.5
300.868,6e+06,100000,50000,0.5
300.898,6e+06,100000,50000,0.5
300.933,6e+06,100000,50000,0.5
300.968,6e+06,100000,50000,0.5
300.998,6e+06,100000,50000,0.5
301.033,6e+06,100000,50000,0.5
301.068,6e+06,100000,50000,0.5
301.098,6e+06,100000,50000,0.5
301.133,6e+06,100000,50000,0.5
301.168,6e+06,100000,50000,0.5
301.198,6e+06,100000,50000,0.5
301.233,6e+06,100000,50000,0.5
301.268,6e+06,100000,50000,0.5
301.298,6e+06,100000,50000,0.5
301.333,6e+06,100000,50000,0.5
301.368,6e+06,100000,50000,0.5
301.398,6e+06,100000,50000,0.5
301.433,6e+06,100000,50000,0.5
301.468,6e+06,100000,50000,0.5
301.498,6e+06,100000,50000,0.5
301.533,6e+06,100000,50000,0.5
301.568,6e+06,100000,50000,0.5
301.598,6e+06,100000,50000,0.5
301.633,6e+06,100000,50000,0.5
301.668,6e+06,100000,50000,0.5
301.698,6e+06,100000,50000,0.5
301.733,6e+06,100000,50000,0.5
301.768,6e+06,100000,50000,0.5
301.798,6e+06,100000,50000,0.5
301.833,6e+06,100000,50000,0.5
301.868,6e+06,100000,50000,0.5
301.898,6e+06,100000,50000,0.5
301.933,6e+06,100000,50000,0.5
301.968,6e+06,100000,50000,0.5
301.998,6e+06,100000,50000,0.5
302.033,6e+06,100000,50000,0.5
302.068,6e+06,100000,50000,0.5
302.098,6e+06,100000,50000,0.5
302.133,6e+06,100000,50000,0.5
302.168,6e+06,100000,50000,0.5
302.198,6e+06,100000,50000,0.5
302.233,6e+06,100000,50000,0.5
302.268,6e+06,100000,50000,0.5
302.298,6e+06,100000,50000,0.5
302.333,6e+06,100000,50000,0.5
302.368,6e+06,100000,50000,0.5
302.398,6e+06,100000,50000,0.5
302.433,6e+06,100000,50000,0.5
302.468,6e+06,100000,50000,0.5
302.498,6e+06,100000,50000,0.5
302.533,6e+06,100000,50000,0.5
302.568,6e+06,100000,50000,0.5
302.598,6e+06,100000,50000,0.5
302.633,6e+06,100000,50000,0.5
302.668,6e+06,100000,50000,0.5
302.698,6e+06,100000,50000,0.5
302.733,6e+06,100000,50000,0.5
302.768,6e+06,100000,50000,0.5
302.798,6e+06,100000,50000,0.5
302.833,6e+06,100000,50000,0.5
302.868,6e+06,100000,50000,0.5
302.898,6e+06,100000,50000,0.5
302.933,6e+06,100000,50000,0.5
302.968,6e+06,100000,50000,0.5
302.998,6e+06,100000,50000,0.5
303.033,6e+06,100000,50000,0.5
303.068,6e+06,100000,50000,0.5
303.098,6e+06,100000,50000,0.5
303.133,6e+06,100000,50000,0.5
303.168,6e+06,100000,50000,0.5
303.198,6e+06,100000,50000,0.5
303.233,6e+06,100000,50000,0.5
303.268,6e+06,100000,50000,0.5
303.298,6e+06,100000,50000,0.5
303.333,6e+06,100000,50000,0.5
303.368,6e+06,100000,50000,0.5
303.398,6e+06,100000,50000,0.5
303.433,6e+06,100000,50000,0.5
303.468,6e+06,100000,50000,0.5
303.498,6e+06,100000,50000,0.5
303.533,6e+06,100000,50000,0.5
303.568,6e+06,100000,50000,0.5
303.598,6e+06,100000,50000,0.5
303.633,6e+06,100000,50000,0.5
303.668,6e+06,100000,50000,0.5
303.698,6e+06,100000,50000,0.5
303.733,6e+06,100000,50000,0.5
303.768,6e+06,100000,50000,0.5
303.798,6e+06,100000,50000,0.5
303.833,6e+06,100000,50000,0.5
303.868,6e+06,100000,50000,0.5
303.898,6e+06,100000,50000,0.5
303.933,6e+06,100000,50000,0.5
303.968,6e+06,100000,50000,0.5
303.998,6e+06,100000,50000,0.5
304.033,6e+06,100000,50000,0.5
304.068,6e+06,100000,50000,0.5
304.098,6e+06,100000,50000,0.5
304.133,6e+06,100000,50000,0.5
304.168,6e+06,100000,50000,0.5
304.198,6e+06,100000,50000,0.5
304.233,6e+06,100000,50000,0.5
304.268,6e+06,100000,50000,0.5
304.298,6e+06,100000,50000,0.5
304.333,6e+06,100000,50000,0.5
304.368,6e+06,100000,50000,0.5
304.398,6e+06,100000,50000,0.5
304.433,6e+06,100000,50000,0.5
304.468,6e+06,100000,50000,0.5
304.498,6e+06,100000,50000,0.5
304.533,6e+06,100000,50000,0.5
304.568,6e+06,100000,50000,0.5
304.598,6e+06,100000,50000,0.5
304.633,6e+06,100000,50000,0.5
304.668,6e+06,100000,50000,0.5
304.698,6e+06,100000,50000,0.5
304.733,6e+06,100000,50000,0.5
304.768,6e+06,100000,50000,0.5
304.798,6e+06,100000,50000,0.5
304.833,6e+06,100000,50000,0.5
304.868,6e+06,100000,50000,0.5
304.898,6e+06,100000,50000,0.5
304.933,6e+06,100000,50000,0.5
304.968,6e+06,100000,50000,0.5
304.998,6e+06,100000,50000,0.5
305.033,6e+06,100000,50000,0.5
305.068,6e+06,100000,50000,0.5
305.098,6e+06,100000,50000,0.5
305.133,6e+06,100000,50000,0.5
305.168,6e+06,100000,50000,0.5
305.198,6e+06,100000,50000,0.5
305.233,6e+06,100000,50000,0.5
305.268,6e+06,100000,50000,0.5
305.298,6e+06,100000,50000,0.5
305.333,6e+06,100000,50000,0.5
305.368,6e+06,100000,50000,0.5
305.398,6e+06,100000,50000,0.5
305.433,6e+06,100000,50000,0.5
305.468,6e+06,100000,50000,0.5
305.498,6e+06,100000,50000,0.5
305.533,6e+06,100000,50000,0.5
305.568,6e+06,100000,50000,0.5
305.598,6e+06,100000,50000,0.5
305.633,6e+06,100000,50000,0.5
305.668,6e+06,100000,50000,0.5
305.698,6e+06,100000,50000,0.5
305.733,6e+06,100000,50000,0.5
305.768,6e+06,100000,50000,0.5
305.798,6e+06,100000,50000,0.5
305.833,6e+06,100000,50000,0.5
305.868,6e+06,100000,50000,0.5
305.898,6e+06,100000,50000,0.5
305.933,6e+06,100000,50000,0.5
305.968,6e+06,100000,50000,0.5
305.998,6e+06,100000,50000,0.5
306.033,6e+06,100000,50000,0.5
306.068,6e+06,100000,50000,0.5
306.098,6e+06,100000,50000,0.5
306.133,6e+06,100000,50000,0.5
306.168,6e+06,100000,50000,0.5
306.198,6e+06,100000,50000,0.5
306.233,6e+06,100000,50000,0.5
306.268,6e+06,100000,50000,0.5
306.298,6e+06,100000,50000,0.5
306.333,6e+06,100000,50000,0.5
306.368,6e+06,100000,50000,0.5
306.398,6e+06,100000,50000,0.5
306.433,6e+06,100000,50000,0.5
306.468,6e+06,100000,50000,0.5
306.498,6e+06,100000,50000,0.5
306.533,6e+06,100000,50000,0.5
306.568,6e+06,100000,50000,0.5
306.598,6e+06,100000,50000,0.5
306.633,6e+06,100000,50000,0.5
306.668,6e+06,100000,50000,0.5
306.698,6e+06,100000,50000,0.5
306.733,6e+06,100000,50000,0.5
306.768,6e+06,100000,50000,0.5
306.798,6e+06,100000,50000,0.5
306.833,6e+06,100000,50000,0.5
306.868,6e+06,100000,50000,0.5
306.898,6e+06,100000,50000,0.5
306.933,6e+06,100000,50000,0.5
306.968,6e+06,100000,50000,0.5
306.998,6e+06,100000,50000,0.5
307.033,6e+06,100000,50000,0.5
307.068,6e+06,100000,50000,0.5
307.098,6e+06,100000,50000,0.5
307.133,6e+06,100000,50000,0.5
307.168,6e+06,100000,50000,0.5
307.198,6e+06,100000,50000,0.5
307.233,6e+06,100000,50000,0.5
307.268,6e+06,100000,50000,0.5
307.298,6e+06,100000,50000,0.5
307.333,6e+06,100000,50000,0.5
307.368,6e+06,100000,50000,0.5
307.398,6e+06,100000,50000,0.5
307.433,6e+06,100000,50000,0.5
307.468,6e+06,100000,50000,0.5
307.498,6e+06,100000,50000,0.5
307.533,6e+06,100000,50000,0.5
307.568,6e+06,100000,50000,0.5
307.598,6e+06,100000,50000,0.5
307.633,6e+06,100000,50000,0.5
307.668,6e+06,100000,50000,0.5
307.698,6e+06,100000,50000,0.5
307.733,6e+06,100000,50000,0.5
307.768,6e+06,100000,50000,0.5
307.798,6e+06,100000,50000,0.5
307.833,6e+06,100000,50000,0.5
307.868,6e+06,100000,50000,0.5
307.898,6e+06,100000,50000,0.5
307.933,6e+06,100000,50000,0.5
307.968,6e+06,100000,50000,0.5
307.998,6e+06,100000,50000,0.5
308.033,6e+06,100000,50000,0.5
308.068,6e+06,100000,50000,0.5
308.098,6e+06,100000,50000,0.5
308.133,6e+06,100000,50000,0.5
308.168,6e+06,100000,50000,0.5
308.198,6e+06,100000,50000,0.5
308.233,6e+06,100000,50000,0.5
308.268,6e+06,100000,50000,0.5
308.298,6e+06,100000,50000,0.5
308.333,6e+06,100000,50000,0.5
308.368,6e+06,100000,50000,0.5
308.398,6e+06,100000,50000,0.5
308.433,6e+06,100000,50000,0.5
308.468,6e+06,100000,50000,0.5
308.498,6e+06,100000,50000,0.5
308.533,6e+06,100000,50000,0.5
308.568,6e+06,100000,50000,0.5
308.598,6e+06,100000,50000,0.5
308.633,6e+06,100000,50000,0.5
308.668,6e+06,100000,50000,0.5
308.698,6e+06,100000,50000,0.5
308.733,6e+06,100000,50000,0.5
308.768,6e+06,100000,50000,0.5
308.798,6e+06,100000,50000,0.5
308.833,6e+06,100000,50000,0.5
308.868,6e+06,100000,50000,0.5
308.898,6e+06,100000,50000,0.5
308.933,6e+06,100000,50000,0.5
308.968,6e+06,100000,50000,0.5
308.998,6e+06,100000,50000,0.5
309.033,6e+06,100000,50000,0.5
309.068,6e+06,100000,50000,0.5
309.098,6e+06,100000,50000,0.5
309.133,6e+06,100000,50000,0.5
309.168,6e+06,100000,50000,0.5
309.198,6e+06,100000,50000,0.5
309.233,6e+06,100000,50000,0.5
309.268,6e+06,100000,50000,0.5
309.298,6e+06,100000,50000,0.5
309.333,6e+06,100000,50000,0.5
309.368,6e+06,100000,50000,0.5
309.398,6e+06,100000,50000,0.5
309.433,6e+06,100000,50000,0.5
309.468,6e+06,100000,50000,0.5
309.498,6e+06,100000,50000,0.5
