frame_id,frame_type,deadline_time,first_packet_time,last_packet_time,frame_size,total_packets,packets_received,packets_before_deadline,delivery_ratio,missed_deadline,stall_duration_ms
0,1,0.133333,0.058,0.542,45000,30,30,5,16.6667,1,408
1,0,0.166667,0.56,1.032,45000,30,30,0,0,1,865
2,0,0.2,1.048,1.521,45000,30,30,0,0,1,1320
3,0,0.233333,1.54,2.014,45000,30,30,0,0,1,1780
4,0,0.266667,2.033,2.52,45000,30,30,0,0,1,2253
5,0,0.3,2.536,3.006,45000,30,30,0,0,1,2705
6,0,0.333333,3.022,3.502,45000,30,30,0,0,1,3168
7,0,0.366667,3.519,3.991,45000,30,30,0,0,1,3624
8,0,0.4,4.009,4.496,45000,30,30,0,0,1,4095
9,0,0.433333,4.497,5.383,45000,30,30,0,0,1,4949
10,0,0.466667,5.416,6.336,45000,30,30,0,0,1,5869
11,0,0.5,6.367,7.264,45000,30,30,0,0,1,6763
12,0,0.533333,7.298,8.208,45000,30,30,0,0,1,7674
13,0,0.566667,8.242,9.151,45000,30,30,0,0,1,8584
14,0,0.6,9.186,10.1,45000,30,30,0,0,1,9500
15,0,0.633333,10.134,11.033,45000,30,30,0,0,1,10399
16,0,0.666667,11.068,12.023,45000,30,30,0,0,1,11356
17,0,0.7,12.049,13.117,45000,30,30,0,0,1,12416
18,0,0.733333,13.16,14.269,45000,30,30,0,0,1,13535
19,0,0.766667,14.312,15.41,45000,30,30,0,0,1,14643
20,0,0.8,15.452,16.484,45000,30,30,0,0,1,15684
21,0,0.833333,16.519,17.516,45000,30,30,0,0,1,16682
22,0,0.866667,17.551,18.446,45000,30,30,0,0,1,17579
23,0,0.9,18.478,19.387,45000,30,30,0,0,1,18486
24,0,0.933333,19.419,20.347,45000,30,30,0,0,1,19413
25,0,0.966667,20.381,21.299,45000,30,30,0,0,1,20332
26,0,1,21.331,22.243,45000,30,30,0,0,1,21243
27,0,1.03333,22.278,23.25,45000,30,30,0,0,1,22216
28,0,1.06667,23.286,24.23,45000,30,30,0,0,1,23163
29,0,1.1,24.264,25.174,45000,30,30,0,0,1,24074
30,1,1.13333,25.208,26.136,45000,30,30,0,0,1,25002
31,0,1.16667,26.169,27.105,45000,30,30,0,0,1,25938
32,0,1.2,27.106,28.107,45000,30,30,0,0,1,26906
33,0,1.23333,28.144,29.165,45000,30,30,0,0,1,27931
34,0,1.26667,29.202,30.136,45000,30,30,0,0,1,28869
35,0,1.3,30.169,31.083,45000,30,30,0,0,1,29782
36,0,1.33333,31.116,32,45000,30,30,0,0,1,30666
37,0,1.36667,32.034,32.919,45000,30,30,0,0,1,31552
38,0,1.4,32.952,33.874,45000,30,30,0,0,1,32474
39,0,1.43333,33.907,34.846,45000,30,30,0,0,1,33412
40,0,1.46667,34.879,35.846,45000,30,30,0,0,1,34379
41,0,1.5,35.884,37.068,45000,30,30,0,0,1,35568
42,0,1.53333,37.109,38.068,45000,30,30,0,0,1,36534
43,0,1.56667,38.102,39.047,45000,30,30,0,0,1,37480
44,0,1.6,39.08,40.051,45000,30,30,0,0,1,38451
45,0,1.63333,40.087,41.027,45000,30,30,0,0,1,39393
46,0,1.66667,41.061,42.02,45000,30,30,0,0,1,40353
47,0,1.7,42.052,42.98,45000,30,30,0,0,1,41279
48,0,1.73333,43.013,43.978,45000,30,30,0,0,1,42244
49,0,1.76667,44.016,44.98,45000,30,30,0,0,1,43213
50,0,1.8,45.014,45.988,45000,30,30,0,0,1,44187
51,0,1.83333,46.022,46.969,45000,30,30,0,0,1,45135
52,0,1.86667,47.003,47.931,45000,30,30,0,0,1,46064
53,0,1.9,47.967,48.912,45000,30,30,0,0,1,47012
54,0,1.93333,48.947,49.918,45000,30,30,0,0,1,47984
55,0,1.96667,49.952,50.923,45000,30,30,0,0,1,48956
56,0,2,50.956,51.893,45000,30,30,0,0,1,49893
57,0,2.03333,51.928,52.887,45000,30,30,0,0,1,50853
58,0,2.06667,52.921,53.827,45000,30,30,0,0,1,51760
59,0,2.1,53.861,54.779,45000,30,30,0,0,1,52679
60,1,2.13333,54.813,55.709,45000,30,30,0,0,1,53575
61,0,2.16667,55.741,56.605,45000,30,30,0,0,1,54438
62,0,2.2,56.637,57.513,45000,30,30,0,0,1,55313
63,0,2.23333,57.545,58.426,45000,30,30,0,0,1,56192
64,0,2.26667,58.459,59.35,45000,30,30,0,0,1,57083
65,0,2.3,59.35,60.238,45000,30,30,0,0,1,57937
66,0,2.33333,60.268,61.154,45000,30,30,0,0,1,58820
67,0,2.36667,61.186,62.078,45000,30,30,0,0,1,59711
68,0,2.4,62.109,62.944,45000,30,30,0,0,1,60544
69,0,2.43333,62.974,63.77,45000,30,30,0,0,1,61336
70,0,2.46667,63.797,64.562,45000,30,30,0,0,1,62095
71,0,2.5,64.59,65.384,45000,30,30,0,0,1,62883
72,0,2.53333,65.414,66.223,45000,30,30,0,0,1,63689
73,0,2.56667,66.224,67.034,45000,30,30,0,0,1,64467
74,0,2.6,67.065,67.919,45000,30,30,0,0,1,65319
75,0,2.63333,67.949,68.752,45000,30,30,0,0,1,66118
76,0,2.66667,68.785,69.614,45000,30,30,0,0,1,66947
77,0,2.7,69.642,70.46,45000,30,30,0,0,1,67760
78,0,2.73333,70.49,71.345,45000,30,30,0,0,1,68611
79,0,2.76667,71.377,72.237,45000,30,30,0,0,1,69470
80,0,2.8,72.268,73.14,45000,30,30,0,0,1,70339
81,0,2.83333,73.173,74.06,45000,30,30,0,0,1,71226
82,0,2.86667,74.091,74.976,45000,30,30,0,0,1,72109
83,0,2.9,75.008,75.893,45000,30,30,0,0,1,72993
84,0,2.93333,75.924,76.791,45000,30,30,0,0,1,73857
85,0,2.96667,76.824,77.704,45000,30,30,0,0,1,74737
86,0,3,77.735,78.804,45000,30,30,0,0,1,75803
87,0,3.03333,78.854,80.386,45000,30,30,0,0,1,77352
88,0,3.06667,80.457,82.622,45000,30,30,0,0,1,79555
89,0,3.1,82.693,84.224,45000,30,30,0,0,1,81124
90,1,3.13333,84.274,85.455,45000,30,30,0,0,1,82321
91,0,3.16667,85.488,86.373,45000,30,30,0,0,1,83206
92,0,3.2,86.405,87.342,45000,30,30,0,0,1,84142
93,0,3.23333,87.377,88.319,45000,30,30,0,0,1,85085
94,0,3.26667,88.354,89.245,45000,30,30,0,0,1,85978
95,0,3.3,89.279,90.209,45000,30,30,0,0,1,86908
96,0,3.33333,90.246,91.218,45000,30,30,0,0,1,87884
97,0,3.36667,91.253,92.195,45000,30,30,0,0,1,88828
98,0,3.4,92.229,93.172,45000,30,30,0,0,1,89772
99,0,3.43333,93.206,94.147,45000,30,30,0,0,1,90713
100,0,3.46667,94.182,95.128,45000,30,30,0,0,1,91661
101,0,3.5,95.162,96.134,45000,30,30,0,0,1,92633
102,0,3.53333,96.169,97.121,45000,30,30,0,0,1,93587
103,0,3.56667,97.155,98.087,45000,30,30,0,0,1,94520
104,0,3.6,98.122,99.095,45000,30,30,0,0,1,95495
105,0,3.63333,99.097,100.107,45000,30,30,0,0,1,96473
106,0,3.66667,100.142,101.062,45000,30,30,0,0,1,97395
107,0,3.7,101.096,102.031,45000,30,30,0,0,1,98331
108,0,3.73333,102.065,103.007,45000,30,30,0,0,1,99273
109,0,3.76667,103.042,103.952,45000,30,30,0,0,1,100185
110,0,3.8,103.986,104.927,45000,30,30,0,0,1,101126
111,0,3.83333,104.961,105.915,45000,30,30,0,0,1,102081
112,0,3.86667,105.916,106.882,45000,30,30,0,0,1,103015
113,0,3.9,106.917,107.859,45000,30,30,0,0,1,103959
114,0,3.93333,107.893,108.835,45000,30,30,0,0,1,104901
115,0,3.96667,108.853,109.813,45000,30,30,0,0,1,105846
116,0,4,109.848,110.79,45000,30,30,0,0,1,106789
117,0,4.03333,110.825,111.766,45000,30,30,0,0,1,107732
118,0,4.06667,111.801,112.743,45000,30,30,0,0,1,108676
119,0,4.1,112.777,113.75,45000,30,30,0,0,1,109650
120,1,4.13333,113.752,114.727,45000,30,30,0,0,1,110593
121,0,4.16667,114.762,115.68,45000,30,30,0,0,1,111513
122,0,4.2,115.714,116.651,45000,30,30,0,0,1,112451
123,0,4.23333,116.685,117.627,45000,30,30,0,0,1,113393
124,0,4.26667,117.661,118.606,45000,30,30,0,0,1,114339
125,0,4.3,118.64,119.615,45000,30,30,0,0,1,115315
126,0,4.33333,119.65,120.592,45000,30,30,0,0,1,116258
127,0,4.36667,120.626,121.6,45000,30,30,0,0,1,117233
128,0,4.4,121.602,122.612,45000,30,30,0,0,1,118211
129,0,4.43333,122.647,123.587,45000,30,30,0,0,1,119153
130,0,4.46667,123.621,124.513,45000,30,30,0,0,1,120046
131,0,4.5,124.547,125.478,45000,30,30,0,0,1,120977
132,0,4.53333,125.513,126.434,45000,30,30,0,0,1,121900
133,0,4.56667,126.467,127.403,45000,30,30,0,0,1,122836
134,0,4.6,127.49,128.379,45000,30,30,0,0,1,123779
135,0,4.63333,128.413,129.336,45000,30,30,0,0,1,124702
136,0,4.66667,129.369,130.302,45000,30,30,0,0,1,125635
137,0,4.7,130.336,131.279,45000,30,30,0,0,1,126579
138,0,4.73333,131.314,132.254,45000,30,30,0,0,1,127520
139,0,4.76667,132.289,133.231,45000,30,30,0,0,1,128464
140,0,4.8,133.265,134.209,45000,30,30,0,0,1,129409
141,0,4.83333,134.244,135.216,45000,30,30,0,0,1,130382
142,0,4.86667,135.217,136.192,45000,30,30,0,0,1,131325
143,0,4.9,136.227,137.168,45000,30,30,0,0,1,132267
144,0,4.93333,137.202,138.179,45000,30,30,0,0,1,133245
145,0,4.96667,138.213,139.155,45000,30,30,0,0,1,134188
146,0,5,139.189,140.169,45000,30,30,0,0,1,135168
147,0,5.03333,140.203,141.179,45000,30,30,0,0,1,136145
148,0,5.06667,141.213,142.156,45000,30,30,0,0,1,137089
149,0,5.1,142.191,143.131,45000,30,30,0,0,1,138031
150,1,5.13333,143.166,144.144,45000,30,30,0,0,1,139010
151,0,5.16667,144.179,145.128,45000,30,30,0,0,1,139961
152,0,5.2,145.162,146.098,45000,30,30,0,0,1,140898
153,0,5.23333,146.132,147.097,45000,30,30,0,0,1,141863
154,0,5.26667,147.131,148.056,45000,30,30,0,0,1,142789
155,0,5.3,148.091,149.046,45000,30,30,0,0,1,143746
156,0,5.33333,149.079,150.015,45000,30,30,0,0,1,144681
157,0,5.36667,150.049,150.96,45000,30,30,0,0,1,145593
158,0,5.4,150.995,151.978,45000,30,30,0,0,1,146577
159,0,5.43333,152.046,153.02,45000,30,30,0,0,1,147586
160,0,5.46667,153.022,153.995,45000,30,30,0,0,1,148528
161,0,5.5,154.029,154.943,45000,30,30,0,0,1,149442
162,0,5.53333,154.961,155.863,45000,30,30,0,0,1,150329
163,0,5.56667,155.897,156.806,45000,30,30,0,0,1,151239
164,0,5.6,156.84,157.813,45000,30,30,0,0,1,152213
165,0,5.63333,157.848,158.82,45000,30,30,0,0,1,153186
166,0,5.66667,158.821,159.797,45000,30,30,0,0,1,154130
167,0,5.7,159.829,160.752,45000,30,30,0,0,1,155052
168,0,5.73333,160.786,161.728,45000,30,30,0,0,1,155994
169,0,5.76667,161.763,162.672,45000,30,30,0,0,1,156905
170,0,5.8,162.706,163.682,45000,30,30,0,0,1,157882
171,0,5.83333,163.717,164.694,45000,30,30,0,0,1,158860
172,0,5.86667,164.728,165.647,45000,30,30,0,0,1,159780
173,0,5.9,165.68,166.617,45000,30,30,0,0,1,160716
174,0,5.93333,166.652,167.621,45000,30,30,0,0,1,161687
175,0,5.96667,167.655,168.535,45000,30,30,0,0,1,162568
176,0,6,168.569,169.519,45000,30,30,0,0,1,163518
177,0,6.03333,169.553,170.53,45000,30,30,0,0,1,164496
178,0,6.06667,170.564,171.506,45000,30,30,0,0,1,165439
179,0,6.1,171.543,172.451,45000,30,30,0,0,1,166351
180,1,6.13333,172.484,173.399,45000,30,30,0,0,1,167265
181,0,6.16667,173.436,174.41,45000,30,30,0,0,1,168243
182,0,6.2,174.444,175.387,45000,30,30,0,0,1,169187
183,0,6.23333,175.422,176.363,45000,30,30,0,0,1,170129
184,0,6.26667,176.398,177.375,45000,30,30,0,0,1,171108
185,0,6.3,177.409,178.329,45000,30,30,0,0,1,172029
186,0,6.33333,178.362,179.27,45000,30,30,0,0,1,172936
187,0,6.36667,179.305,180.243,45000,30,30,0,0,1,173876
188,0,6.4,180.312,181.253,45000,30,30,0,0,1,174852
189,0,6.43333,181.255,182.229,45000,30,30,0,0,1,175795
190,0,6.46667,182.263,183.205,45000,30,30,0,0,1,176738
191,0,6.5,183.24,184.175,45000,30,30,0,0,1,177674
192,0,6.53333,184.209,185.133,45000,30,30,0,0,1,178599
193,0,6.56667,185.167,186.095,45000,30,30,0,0,1,179528
194,0,6.6,186.129,187.103,45000,30,30,0,0,1,180503
195,0,6.63333,187.123,188.03,45000,30,30,0,0,1,181396
196,0,6.66667,188.065,189.007,45000,30,30,0,0,1,182340
197,0,6.7,189.04,189.966,45000,30,30,0,0,1,183266
198,0,6.73333,190,190.965,45000,30,30,0,0,1,184231
199,0,6.76667,191,191.945,45000,30,30,0,0,1,185178
200,0,6.8,191.979,192.92,45000,30,30,0,0,1,186120
201,0,6.83333,192.955,193.897,45000,30,30,0,0,1,187063
202,0,6.86667,193.932,194.872,45000,30,30,0,0,1,188005
203,0,6.9,194.909,195.88,45000,30,30,0,0,1,188979
204,0,6.93333,195.915,196.856,45000,30,30,0,0,1,189922
205,0,6.96667,196.891,197.835,45000,30,30,0,0,1,190868
206,0,7,197.87,198.844,45000,30,30,0,0,1,191843
207,0,7.03333,198.879,199.821,45000,30,30,0,0,1,192787
208,0,7.06667,199.856,200.788,45000,30,30,0,0,1,193721
209,0,7.1,200.821,201.744,45000,30,30,0,0,1,194644
210,1,7.13333,201.778,202.72,45000,30,30,0,0,1,195586
211,0,7.16667,202.757,203.811,45000,30,30,0,0,1,196644
212,0,7.2,203.829,204.671,45000,30,30,0,0,1,197471
213,0,7.23333,204.706,205.683,45000,30,30,0,0,1,198449
214,0,7.26667,205.718,206.661,45000,30,30,0,0,1,199394
215,0,7.3,206.696,207.603,45000,30,30,0,0,1,200303
216,0,7.33333,207.638,208.615,45000,30,30,0,0,1,201281
217,0,7.36667,208.649,209.565,45000,30,30,0,0,1,202198
218,0,7.4,209.599,210.573,45000,30,30,0,0,1,203172
219,0,7.43333,210.574,211.547,45000,30,30,0,0,1,204113
220,0,7.46667,211.582,212.525,45000,30,30,0,0,1,205058
221,0,7.5,212.56,213.502,45000,30,30,0,0,1,206001
222,0,7.53333,213.59,214.447,45000,30,30,0,0,1,206913
223,0,7.56667,214.481,215.419,45000,30,30,0,0,1,207852
224,0,7.6,215.452,216.368,45000,30,30,0,0,1,208768
225,0,7.63333,216.402,217.374,45000,30,30,0,0,1,209740
226,0,7.66667,217.376,218.35,45000,30,30,0,0,1,210683
227,0,7.7,218.385,219.312,45000,30,30,0,0,1,211612
228,0,7.73333,219.346,220.274,45000,30,30,0,0,1,212540
229,0,7.76667,220.308,221.305,45000,30,30,0,0,1,213538
230,0,7.8,221.339,222.271,45000,30,30,0,0,1,214471
231,0,7.83333,222.306,223.247,45000,30,30,0,0,1,215413
232,0,7.86667,223.316,224.26,45000,30,30,0,0,1,216393
233,0,7.9,224.295,225.246,45000,30,30,0,0,1,217345
234,0,7.93333,225.282,226.244,45000,30,30,0,0,1,218310
235,0,7.96667,226.279,227.261,45000,30,30,0,0,1,219294
236,0,8,227.295,228.231,45000,30,30,0,0,1,220230
237,0,8.03333,228.265,229.207,45000,30,30,0,0,1,221173
238,0,8.06667,229.242,230.218,45000,30,30,0,0,1,222151
239,0,8.1,230.253,231.23,45000,30,30,0,0,1,223130
240,1,8.13333,231.265,232.209,45000,30,30,0,0,1,224075
241,0,8.16667,232.244,233.191,45000,30,30,0,0,1,225024
242,0,8.2,233.225,234.194,45000,30,30,0,0,1,225993
243,0,8.23333,234.228,235.165,45000,30,30,0,0,1,226931
244,0,8.26667,235.198,236.118,45000,30,30,0,0,1,227851
245,0,8.3,236.153,237.13,45000,30,30,0,0,1,228830
246,0,8.33333,237.165,238.102,45000,30,30,0,0,1,229768
247,0,8.36667,238.136,239.054,45000,30,30,0,0,1,230687
248,0,8.4,239.089,240.029,45000,30,30,0,0,1,231628
249,0,8.43333,240.064,241,45000,30,30,0,0,1,232566
250,0,8.46667,241.035,241.957,45000,30,30,0,0,1,233490
251,0,8.5,241.991,242.918,45000,30,30,0,0,1,234418
252,0,8.53333,242.951,243.88,45000,30,30,0,0,1,235346
253,0,8.56667,243.915,244.819,45000,30,30,0,0,1,236252
254,0,8.6,244.854,245.78,45000,30,30,0,0,1,237180
255,0,8.63333,245.814,246.746,45000,30,30,0,0,1,238112
256,0,8.66667,246.78,247.721,45000,30,30,0,0,1,239054
257,0,8.7,247.756,248.691,45000,30,30,0,0,1,239990
258,0,8.73333,248.725,249.679,45000,30,30,0,0,1,240945
259,0,8.76667,249.713,250.724,45000,30,30,0,0,1,241957
260,0,8.8,250.793,251.775,45000,30,30,0,0,1,242975
261,0,8.83333,251.81,252.747,45000,30,30,0,0,1,243913
262,0,8.86667,252.782,253.691,45000,30,30,0,0,1,244824
263,0,8.9,253.725,254.667,45000,30,30,0,0,1,245766
264,0,8.93333,254.702,255.678,45000,30,30,0,0,1,246744
265,0,8.96667,255.712,256.652,45000,30,30,0,0,1,247685
266,0,9,256.689,257.662,45000,30,30,0,0,1,248662
267,0,9.03333,257.697,258.708,45000,30,30,0,0,1,249674
268,0,9.06667,258.743,259.683,45000,30,30,0,0,1,250616
269,0,9.1,259.718,260.662,45000,30,30,0,0,1,251562
270,1,9.13333,260.696,261.623,45000,30,30,0,0,1,252489
271,0,9.16667,261.657,262.575,45000,30,30,0,0,1,253408
272,0,9.2,262.608,263.517,45000,30,30,0,0,1,254316
273,0,9.23333,263.552,264.53,45000,30,30,0,0,1,255296
274,0,9.26667,264.548,265.425,45000,30,30,0,0,1,256158
275,0,9.3,265.46,266.435,45000,30,30,0,0,1,257135
276,0,9.33333,266.469,267.412,45000,30,30,0,0,1,258078
277,0,9.36667,267.446,268.389,45000,30,30,0,0,1,259022
278,0,9.4,268.424,269.364,45000,30,30,0,0,1,259963
279,0,9.43333,269.399,270.34,45000,30,30,0,0,1,260906
280,0,9.46667,270.375,271.345,45000,30,30,0,0,1,261878
281,0,9.5,271.378,272.299,45000,30,30,0,0,1,262799
282,0,9.53333,272.334,273.311,45000,30,30,0,0,1,263777
283,0,9.56667,273.345,274.256,45000,30,30,0,0,1,264689
284,0,9.6,274.29,275.266,45000,30,30,0,0,1,265666
285,0,9.63333,275.3,276.277,45000,30,30,0,0,1,266643
286,0,9.66667,276.311,277.22,45000,30,30,0,0,1,267553
287,0,9.7,277.255,278.23,45000,30,30,0,0,1,268529
288,0,9.73333,278.265,279.206,45000,30,30,0,0,1,269472
289,0,9.76667,279.243,280.231,45000,30,30,0,0,1,270464
290,0,9.8,280.264,281.232,45000,30,30,0,0,1,271432
291,0,9.83333,281.267,282.209,45000,30,30,0,0,1,272375
292,0,9.86667,282.243,283.188,45000,30,30,0,0,1,273321
293,0,9.9,283.222,284.162,45000,30,30,0,0,1,274261
294,0,9.93333,284.196,285.11,45000,30,30,0,0,1,275176
295,0,9.96667,285.144,286.053,45000,30,30,0,0,1,276086
296,0,10,286.088,287.061,45000,30,30,0,0,1,277061
297,0,10.0333,287.062,288.071,45000,30,30,0,0,1,278037
298,0,10.0667,288.105,289.071,45000,30,30,0,0,1,279004
299,0,10.1,289.105,290.019,45000,30,30,0,0,1,279919
300,1,10.1333,290.051,290.978,45000,30,30,0,0,1,280844
301,0,10.1667,291.013,291.943,45000,30,30,0,0,1,281776
302,0,10.2,291.977,292.901,45000,30,30,0,0,1,282700
303,0,10.2333,292.936,293.892,45000,30,30,0,0,1,283658
304,0,10.2667,293.893,294.871,45000,30,30,0,0,1,284604
305,0,10.3,294.889,295.812,45000,30,30,0,0,1,285512
306,0,10.3333,295.846,296.852,45000,30,30,0,0,1,286518
307,0,10.3667,296.884,297.854,45000,30,30,0,0,1,287487
308,0,10.4,297.939,298.747,45000,30,30,0,0,1,288346
309,0,10.4333,298.782,299.723,45000,30,30,0,0,1,289289
310,0,10.4667,299.758,300.734,45000,30,30,0,0,1,290267
311,0,10.5,300.769,301.734,45000,30,30,0,0,1,291234
312,0,10.5333,301.768,302.685,45000,30,30,0,0,1,292151
313,0,10.5667,302.718,303.637,45000,30,30,0,0,1,293070
314,0,10.6,303.672,304.646,45000,30,30,0,0,1,294046
315,0,10.6333,304.664,305.592,45000,30,30,0,0,1,294958
316,0,10.6667,305.626,306.568,45000,30,30,0,0,1,295901
317,0,10.7,306.603,307.544,45000,30,30,0,0,1,296843
318,0,10.7333,307.632,308.519,45000,30,30,0,0,1,297785
319,0,10.7667,308.554,309.496,45000,30,30,0,0,1,298729
